,Vote,Yearly_ExpensesK,Yearly_IncomeK,Overall_happiness_score,Most_Important_Issue,Avg_Residancy_Altitude,Will_vote_only_large_party,Financial_agenda_matters
9004,Yellows,0.0470616835027,0.00183251707977,0.714078206141,-0.714285714286,-0.232648441129,1.0,-1.0
9005,Yellows,-0.191981994554,0.232609562723,0.309823751238,1.0,-0.23257171667,1.0,-1.0
9006,Yellows,-0.265708630994,0.0414345993198,0.133046985665,-0.428571428571,-0.411304867776,1.0,-1.0
9007,Greys,-0.129994706598,0.201694667718,0.458705070571,1.0,-0.341239511246,1.0,-1.0
9008,Browns,-0.0681837268133,0.0942954155349,0.00801436576613,0.142857142857,0.678956914112,-1.0,-1.0
9009,Yellows,-0.192165235894,0.179046251281,0.314413823445,-0.714285714286,-0.348995267008,1.0,-1.0
9010,Pinks,0.980085669779,-0.035533621671,0.680078578655,0.428571428571,-0.422102607754,1.0,1.0
9011,Yellows,-0.162774219087,0.208002307504,0.306840807397,-1.0,-0.605595972957,1.0,-1.0
9012,Oranges,-0.123483873358,0.158255968216,0.560766957977,0.142857142857,0.142757508244,1.0,-1.0
9013,Pinks,0.0372704851973,-0.00994742393798,0.872275915184,0.714285714286,-0.367654461259,1.0,1.0
9014,Yellows,-0.181577838204,0.224295925547,0.22455522431,-0.714285714286,-0.448705410044,1.0,-1.0
9015,Oranges,-0.129835140607,0.105901831774,0.479848931678,0.142857142857,-0.286873115996,1.0,-1.0
9016,Yellows,0.0476841726198,0.160927385726,0.539505772768,0.142857142857,-0.142985627598,1.0,-1.0
9017,Yellows,-0.184640505899,0.125720351755,0.240844750592,0.142857142857,-0.468764059083,1.0,-1.0
9018,Blues,-0.10997948659,0.19451238321,0.231974238595,-1.0,-0.364141907645,1.0,-1.0
9019,Greys,-0.0833738613139,0.19946662244,0.42704357149,1.0,0.00525231538699,1.0,-1.0
9020,Blues,0.179743290669,0.281693795534,0.314225761385,-0.428571428571,-0.57782355284,1.0,-1.0
9021,Greens,0.846611056311,0.686568501438,0.286305104241,0.714285714286,-0.406216417511,1.0,1.0
9022,Reds,0.202122053994,0.331652103254,0.368767524739,-0.428571428571,-0.566884116069,1.0,-1.0
9023,Yellows,-0.329687360599,0.0523783619157,0.224725806777,-1.0,-0.528889724244,1.0,-1.0
9024,Reds,-0.312205304062,0.350205690623,0.598070789698,0.142857142857,0.0766351490052,1.0,-1.0
9025,Oranges,-0.19337568896,0.170745510344,0.529210868757,-0.714285714286,-0.319508191981,1.0,-1.0
9026,Yellows,-0.182908747011,0.275644623111,0.231374161294,0.142857142857,-0.560863287769,1.0,-1.0
9027,Pinks,0.655525713149,0.524777115959,0.786769948146,0.714285714286,-0.268941712795,1.0,1.0
9028,Yellows,-0.205982064053,0.17767234842,0.209181342422,1.0,0.153342253441,1.0,-1.0
9029,Blues,0.181379222585,0.283361220355,0.339425601171,0.142857142857,-0.528525704959,1.0,-1.0
9030,Yellows,-0.282538013183,0.230806231932,0.196217586545,-1.0,-0.313576006025,1.0,-1.0
9031,Reds,0.231361295048,0.363726362312,0.496947369875,0.142857142857,-0.378050365725,1.0,-1.0
9032,Reds,-0.224923288105,0.431377506287,0.665222264009,-1.0,-0.537304754632,1.0,-1.0
9033,Yellows,-0.171123940202,0.200704930463,0.260406282535,-0.428571428571,-0.53592370859,1.0,-1.0
9034,Blues,-0.148694402048,0.187125640134,0.229265709073,-1.0,-0.452325211878,1.0,-1.0
9035,Reds,0.242515610146,0.318227750724,0.450945976564,0.142857142857,-0.115701037207,1.0,-1.0
9036,Reds,-0.256473458755,0.41656360314,0.617261226862,-1.0,-0.599469560582,1.0,-1.0
9037,Blues,-0.219023319282,0.133375003789,0.173179354621,-0.428571428571,-0.180496140796,1.0,-1.0
9038,Yellows,0.0423387378853,0.208154303391,0.476632029044,-0.714285714286,-0.0606983589011,1.0,-1.0
9039,Purples,0.339175181241,0.384539804565,0.697630005337,-0.714285714286,0.0547866754044,-1.0,1.0
9040,Yellows,-0.196305720832,0.231100734981,0.352403820817,-1.0,-0.554459135965,1.0,-1.0
9041,Reds,-0.193487828583,0.430044807006,0.671565007527,-0.428571428571,-0.161702375869,1.0,-1.0
9042,Blues,-0.200937761587,0.181467526593,0.192742353555,-1.0,-0.483080493642,1.0,-1.0
9043,Yellows,-0.0448054741349,0.41713743921,0.502978097541,0.142857142857,-0.204698761439,1.0,-1.0
9044,Oranges,-0.18299746101,0.105000149995,0.536937276403,-0.714285714286,-0.401730787,1.0,-1.0
9045,Blues,-0.226640140769,0.119829583704,0.167869559465,-0.714285714286,-0.441246265151,1.0,-1.0
9046,Oranges,-0.0986216474672,0.226549608714,0.672627991015,-1.0,-0.0438593361973,1.0,-1.0
9047,Reds,-0.258815823816,0.482162425904,0.635073970355,-1.0,-0.436206982582,1.0,-1.0
9048,Whites,0.457237474895,0.645566210362,0.602195834288,-0.142857142857,-0.535387412526,1.0,1.0
9049,Yellows,-0.122010051448,0.132313158175,0.111423279853,-0.428571428571,-0.171409423298,1.0,-1.0
9050,Reds,0.127045207429,0.26925329645,0.333592448343,0.142857142857,-0.377433874949,1.0,-1.0
9051,Oranges,-0.152091808304,0.193280046641,0.539102360502,0.142857142857,-0.444779376806,1.0,-1.0
9052,Yellows,-0.264628323676,0.216563175796,0.297104975739,-0.428571428571,-0.286583683386,1.0,-1.0
9053,Pinks,0.641925766666,0.492350845008,0.63614797016,0.714285714286,-0.539436922989,1.0,1.0
9054,Greys,-0.079906748648,0.18125913808,0.478300733525,-0.714285714286,-0.384680032042,1.0,-1.0
9055,Yellows,-0.0555261158766,0.307249696776,0.553477508743,0.142857142857,-0.0297570662209,1.0,-1.0
9056,Browns,0.547770467657,-0.779254698628,-0.41208631518,-0.714285714286,0.388904841776,-1.0,-1.0
9057,Pinks,0.638050834028,-0.398254385926,0.425950715543,0.428571428571,-0.143816818498,1.0,1.0
9058,Yellows,-0.137776363511,0.261711133712,0.495921808733,-0.428571428571,-0.442505735969,1.0,-1.0
9059,Reds,-0.37194960374,0.32025610845,0.650184095345,-1.0,-0.137216209937,1.0,-1.0
9060,Pinks,0.667671688255,-0.197053151143,-0.161458173542,0.714285714286,-0.189404496601,1.0,1.0
9061,Yellows,-0.239997922435,0.242893669327,0.140290918961,-1.0,-0.2455999991,1.0,-1.0
9062,Yellows,-0.247577130147,0.188222368342,0.0940227634436,0.142857142857,-0.328497121965,1.0,-1.0
9063,Blues,0.150339612518,0.276392757999,0.330081143596,1.0,-0.45734813407,1.0,-1.0
9064,Yellows,-0.208205970008,0.159354396822,0.243994611969,-0.428571428571,-0.563663029348,1.0,-1.0
9065,Oranges,-0.0984720837172,0.133692863151,0.546977507586,0.142857142857,-0.343263803051,1.0,-1.0
9066,Browns,0.66088592867,-0.396444780407,0.872830691662,-1.0,0.48340399795,-1.0,-1.0
9067,Yellows,-0.334874168513,0.103079370179,0.158499579384,0.142857142857,-0.482607689524,1.0,-1.0
9068,Blues,-0.165115025505,0.14838721895,0.184462010039,-0.428571428571,-0.386067789736,1.0,-1.0
9069,Reds,-0.225199352184,0.387547770973,0.677328599741,-0.428571428571,-0.566446833176,1.0,-1.0
9070,Reds,-0.244044835552,0.405492526894,0.673542809327,1.0,-0.636785947166,1.0,-1.0
9071,Reds,-0.267769153365,0.428752336882,0.705342459166,-1.0,-0.229449922935,1.0,-1.0
9072,Yellows,-0.207399840127,0.1529816198,0.171711382774,0.142857142857,-0.110996741549,1.0,-1.0
9074,Yellows,0.00646905944463,0.279102902719,0.531493237027,1.0,-0.114170235542,1.0,-1.0
9075,Greys,0.242502667995,0.145413406283,0.223766472068,-0.428571428571,-0.31075489384,1.0,-1.0
9076,Purples,-0.472126492001,0.472343720907,0.60857420887,-0.714285714286,0.353843715164,-1.0,1.0
9077,Whites,0.931021840353,0.948049552808,0.96850377466,0.428571428571,-0.60971943985,1.0,1.0
9078,Yellows,-0.293822583927,0.0761883322534,0.232696485244,-0.714285714286,-0.359031293332,1.0,-1.0
9079,Oranges,-0.214402321882,0.0309751254237,0.445734667571,-0.428571428571,-0.582841259794,1.0,-1.0
9080,Yellows,0.0506228160498,0.0547653098533,0.461283471754,-1.0,-0.446486823226,1.0,-1.0
9081,Yellows,-0.14568942029,0.0875784508177,0.179879594814,-0.714285714286,-0.602775875424,1.0,-1.0
9082,Greys,-0.159419812477,0.122128207493,0.428413680321,0.142857142857,-0.273164033332,1.0,-1.0
9083,Oranges,-0.0921713943905,0.191867401154,0.534226249741,-0.714285714286,-0.462563313037,1.0,-1.0
9084,Blues,-0.138645963209,0.172956360238,0.263113854016,-1.0,0.100163623182,1.0,-1.0
9085,Yellows,0.0515130589236,0.258057026455,0.679149539896,-1.0,-0.110869219178,1.0,-1.0
9086,Blues,0.178220834121,0.341153121537,0.326425933604,-1.0,-0.325910151896,1.0,-1.0
9087,Greys,0.202296729193,0.217090745378,0.313807891108,1.0,-0.578626480333,1.0,-1.0
9088,Greens,0.780886308782,0.154310612002,0.102781485962,-0.142857142857,0.143835477737,1.0,1.0
9089,Greys,-0.0654452608507,0.203908644202,0.474231840712,-0.714285714286,-0.379913894976,1.0,-1.0
9090,Reds,0.206632012327,0.289609106027,0.430382908696,1.0,0.229194637612,1.0,-1.0
9091,Greens,0.550190157537,0.609309978187,0.360997279692,0.714285714286,-0.160731867323,1.0,1.0
9092,Greens,0.902339221567,0.62526864602,0.596055006558,-0.142857142857,-0.195103919456,1.0,1.0
9093,Yellows,0.166007548474,0.179717508611,0.772801387013,-0.428571428571,-0.523941570278,1.0,-1.0
9094,Whites,-0.136427576859,0.356406360967,0.801780906559,-0.142857142857,-0.449869688647,1.0,1.0
9095,Yellows,-0.050878298073,0.200040156604,0.525921067427,-1.0,-0.383690802748,1.0,-1.0
9096,Greys,-0.144705180292,0.129817035989,0.416108606007,-1.0,-0.45621145862,1.0,-1.0
9097,Greens,0.722624614311,0.948639769105,0.605554408853,-0.142857142857,-0.0997118260443,1.0,1.0
9098,Oranges,-0.0832825158746,0.202092720218,0.486769810777,0.142857142857,-0.516637747692,1.0,-1.0
9099,Yellows,-0.227608504712,0.0905969559461,0.182754188657,1.0,-0.167971278669,1.0,-1.0
9100,Blues,-0.183289614063,0.16245827492,0.149965462911,-1.0,-0.521370424552,1.0,-1.0
9101,Pinks,0.555380183544,0.384783013308,0.964466090057,0.428571428571,-0.499038142038,1.0,1.0
9102,Blues,0.148332297124,0.303716587908,0.277295648044,1.0,-0.415284531855,1.0,-1.0
9103,Reds,0.27438993264,0.385535246275,0.398281309867,1.0,0.211024608433,1.0,-1.0
9104,Oranges,-0.21472076436,0.131947085994,0.483213944049,-0.428571428571,0.070489126024,1.0,-1.0
9105,Greens,-0.527949356559,-0.0821448799839,-0.888003974008,0.714285714286,-0.470962493687,1.0,1.0
9106,Greys,0.225799627209,0.126825283244,0.272450137159,-1.0,-0.586744749187,1.0,-1.0
9107,Greys,-0.156577068562,0.131888805743,0.360685528224,-0.428571428571,-0.595827962691,1.0,-1.0
9108,Oranges,-0.206398838906,0.147371983487,0.44369107494,-1.0,-0.32843809721,1.0,-1.0
9109,Browns,0.107407839424,-0.526615796422,-0.796422678334,0.142857142857,0.969514609065,-1.0,-1.0
9110,Oranges,-0.195792191521,0.132870163949,0.427128728134,0.142857142857,-0.553007610665,1.0,-1.0
9111,Yellows,0.00681752813237,0.150329203704,0.628234282437,0.142857142857,-0.11476363115,1.0,-1.0
9112,Greys,-0.0655105350051,0.2076271171,0.492986178664,-0.428571428571,-0.623155165863,1.0,-1.0
9113,Greys,0.306049242422,0.183768165511,0.290607348621,0.142857142857,-0.452160863284,1.0,-1.0
9114,Blues,-0.0872022020532,0.21845097765,0.198615165029,-0.428571428571,-0.625217161971,1.0,-1.0
9116,Blues,-0.0926055543775,0.187238222277,0.20203447482,-1.0,-0.559942335518,1.0,-1.0
9117,Whites,-0.0188574518943,0.319203608334,0.454393891541,-0.142857142857,-0.435620642622,1.0,1.0
9118,Yellows,0.0184544113872,0.22493719609,0.661795248664,-1.0,0.108631180404,1.0,-1.0
9119,Greys,-0.0557538207982,0.218654900344,0.497842087492,0.142857142857,0.00788151614647,1.0,-1.0
9120,Blues,-0.16685683279,0.14971885131,0.162786978523,1.0,0.0553863549639,1.0,-1.0
9121,Reds,-0.316282550878,0.32441621993,0.75915488119,-1.0,-0.515888518504,1.0,-1.0
9122,Whites,-0.421640194563,0.257436235472,0.651952117938,-0.142857142857,-0.38105268796,1.0,1.0
9123,Pinks,0.836510777086,0.0788444341423,0.662141600823,0.428571428571,-0.528405575121,1.0,1.0
9124,Reds,0.121045575528,0.229764769325,0.339857428699,1.0,-0.540599474703,1.0,-1.0
9125,Blues,-0.158146427668,0.130558580278,0.204141075415,-0.714285714286,0.207465158094,1.0,-1.0
9126,Pinks,0.907068462661,0.156623259527,0.745086335808,0.428571428571,-0.070757881761,1.0,1.0
9127,Greys,0.220913193232,0.153390840609,0.244388297847,1.0,-0.388789178333,1.0,-1.0
9128,Yellows,0.0731836262895,0.218617828641,0.508853683697,-1.0,-0.340321880458,1.0,-1.0
9129,Oranges,-0.143134514492,0.159094250216,0.587561886295,1.0,-0.338001374901,1.0,-1.0
9130,Yellows,-0.149270914553,0.193798944597,0.241784872945,-0.714285714286,-0.52967380734,1.0,-1.0
9131,Blues,-0.151327459657,0.151421964888,0.203277261283,-1.0,0.227390101646,1.0,-1.0
9132,Greys,-0.122846624066,0.17796094645,0.414539671034,-0.428571428571,0.112745312776,1.0,-1.0
9133,Whites,-0.0695571139534,0.768916246824,0.458173941848,0.428571428571,-0.487438009666,1.0,1.0
9134,Pinks,0.99892162684,0.790666830962,0.834609838861,0.714285714286,-0.23674460978,1.0,1.0
9135,Pinks,0.724720788762,0.661932554222,0.863503999772,0.428571428571,-0.247644788068,1.0,1.0
9136,Yellows,-0.235126455452,0.234857803266,0.180617158879,-0.428571428571,-0.444742378386,1.0,-1.0
9137,Reds,0.168698645909,0.318375496148,0.354912770461,1.0,-0.121196986486,1.0,-1.0
9138,Yellows,-0.295357387395,0.0166105057754,0.17486857394,-1.0,-0.390880991791,1.0,-1.0
9139,Pinks,0.813574907388,0.668717450862,0.720094114439,0.428571428571,-0.315274438622,1.0,1.0
9140,Blues,0.174909426908,0.309641317259,0.320691016937,1.0,-0.226762684436,1.0,-1.0
9141,Blues,-0.215061085149,0.117413681875,0.184524144526,-0.714285714286,-0.328816938209,1.0,-1.0
9142,Blues,0.23346526522,0.286913129603,0.32701546328,1.0,-0.147074263203,1.0,-1.0
9143,Greys,-0.0818563430203,0.208603592064,0.510416188443,-1.0,-0.144541264631,1.0,-1.0
9144,Oranges,-0.101278978806,0.160606287658,0.517202401509,-0.428571428571,-0.0125043038155,1.0,-1.0
9145,Greens,0.219743549877,0.754239520976,-0.594965618087,0.714285714286,-0.463888765242,1.0,1.0
9146,Yellows,-0.00193655159133,0.248241407051,0.554728906209,-1.0,-0.374750421618,1.0,-1.0
9147,Whites,0.319161556627,0.859815975986,0.755842233388,0.428571428571,-0.333893299971,1.0,1.0
9148,Browns,0.235343043301,0.235771991778,0.534242784561,1.0,0.398587200026,-1.0,-1.0
9149,Blues,0.126924838548,0.222371943198,0.281369319346,1.0,-0.248762708211,1.0,-1.0
9150,Reds,0.132462194114,0.2967145745,0.272454751892,-0.428571428571,-0.268715762865,1.0,-1.0
9151,Oranges,0.557122379152,0.647969042565,0.326755752397,-0.714285714286,-0.467728696835,1.0,-1.0
9152,Yellows,-0.0682095311926,0.340119592864,0.638245088948,-0.428571428571,-0.568937622145,1.0,-1.0
9153,Yellows,-0.175513608316,0.194464560484,0.290542238281,-1.0,-0.123397938172,1.0,-1.0
9154,Yellows,-0.259666703788,0.159245881468,0.130066619499,-1.0,-0.406928373294,1.0,-1.0
9155,Blues,-0.191653317901,0.171375982974,0.165551002951,1.0,-0.184087038026,1.0,-1.0
9156,Oranges,-0.200066540386,0.151189078011,0.513768822386,1.0,0.182189628318,1.0,-1.0
9157,Reds,0.155772458638,0.277567724821,0.377369264784,1.0,-0.265981665206,1.0,-1.0
9158,Reds,-0.232176022595,0.454871772496,0.754314812791,1.0,0.0824406057837,1.0,-1.0
9159,Greys,-0.147690316093,0.236368947739,0.474454915168,-1.0,-0.337487618854,1.0,-1.0
9160,Yellows,-0.224858784138,0.0216011368463,0.139410456381,0.142857142857,-0.615277135225,1.0,-1.0
9161,Blues,-0.0714350176741,0.164508049217,0.221728236169,1.0,0.180352656585,1.0,-1.0
9162,Pinks,0.714243004864,-0.663823460937,-0.233678361348,0.714285714286,-0.546801437845,1.0,1.0
9163,Yellows,-0.198548531551,0.1272181092,0.194098102226,0.142857142857,-0.261281399891,1.0,-1.0
9164,Oranges,0.594489635379,0.718163999598,0.373798306463,-0.428571428571,-0.522331885675,1.0,-1.0
9165,Yellows,-0.170328564807,0.279359204807,0.230597874274,0.142857142857,-0.589366353432,1.0,-1.0
9166,Greys,-0.0869460689946,0.288433444033,0.490989052918,-0.714285714286,-0.509790780747,1.0,-1.0
9167,Blues,-0.126678748218,0.18355696294,0.185999376773,1.0,-0.0835041846616,1.0,-1.0
9168,Blues,-0.1557386991,0.185042108067,0.213239570017,-1.0,-0.327373518577,1.0,-1.0
9169,Purples,0.320586471605,0.379264888094,0.622771341012,-1.0,0.166290380842,-1.0,1.0
9170,Blues,0.182175755926,0.32401298971,0.340644331638,-0.714285714286,-0.203252572829,1.0,-1.0
9171,Blues,0.193681484904,0.3066822187,0.27600509291,0.142857142857,-0.0286564337866,1.0,-1.0
9172,Yellows,-0.205992280026,0.115355213081,0.104540307544,0.142857142857,-0.599380233033,1.0,-1.0
9173,Reds,-0.211421433552,0.41443524878,0.720879629012,-1.0,-0.562737184013,1.0,-1.0
9174,Blues,-0.120663668925,0.209679117131,0.263201882891,-1.0,-0.447286505637,1.0,-1.0
9175,Blues,0.271456467822,0.341093777566,0.380746512843,1.0,0.00273109239121,1.0,-1.0
9176,Whites,-0.14334636451,0.922786690711,0.662539194475,-0.142857142857,-0.0484002850262,1.0,1.0
9177,Yellows,-0.160942295776,0.262792195735,0.280963338599,1.0,-0.178452250926,1.0,-1.0
9178,Oranges,0.551951741885,0.646284788384,0.346774196644,-0.428571428571,-0.192374395872,1.0,-1.0
9179,Oranges,-0.154873854605,0.134119562554,0.519836958248,-1.0,-0.323749629468,1.0,-1.0
9180,Oranges,-0.117058732035,0.167547314802,0.516592816991,-0.428571428571,-0.0124328916296,1.0,-1.0
9181,Blues,-0.223221663176,0.180471442687,0.199804087638,-1.0,-0.299175103959,1.0,-1.0
9182,Oranges,-0.162430369208,0.106446975994,0.539289169897,-1.0,-0.534723115493,1.0,-1.0
9183,Greys,-0.134863684414,0.179548018159,0.41303913388,-1.0,-0.457705530248,1.0,-1.0
9184,Greys,0.182433877329,0.083284382434,0.213583919765,0.142857142857,-0.48984677122,1.0,-1.0
9185,Greens,0.264158695764,0.303555872967,0.120192242465,-0.142857142857,-0.566663555604,1.0,1.0
9186,Greens,0.648215739528,0.64399700437,0.207191461733,-0.142857142857,-0.339217672863,1.0,1.0
9187,Yellows,-0.234384799465,0.0830185245512,0.305731097804,1.0,-0.301511201517,1.0,-1.0
9188,Browns,0.714095095582,0.584652528365,-0.0558119999272,-1.0,0.550713352209,-1.0,-1.0
9189,Oranges,0.621468405982,0.760444442639,0.400477947625,-1.0,-0.616000637197,1.0,-1.0
9190,Oranges,0.664989306865,0.740380812377,0.404026968151,1.0,-0.530583310332,1.0,-1.0
9191,Greens,0.816784481502,-0.448649450209,-0.614555184108,0.714285714286,-0.0817290172167,1.0,1.0
9192,Oranges,0.508607739925,0.694863976882,0.36480949822,0.142857142857,-0.512124888538,1.0,-1.0
9193,Reds,0.193991807941,0.354453522101,0.405093384411,-0.714285714286,-0.449814719322,1.0,-1.0
9194,Reds,0.169749012204,0.263038491988,0.384111821815,1.0,-0.444101619386,1.0,-1.0
9195,Reds,-0.132115677612,0.457578484867,0.762528099428,-1.0,-0.101596950595,1.0,-1.0
9196,Greys,0.197180951401,0.144034940092,0.274673414958,-0.714285714286,-0.267827179175,1.0,-1.0
9197,Yellows,-0.223113476176,0.212831887618,0.20750078088,0.142857142857,-0.262236690235,1.0,-1.0
9198,Greys,-0.0964720381865,0.156085648417,0.479535306187,-0.428571428571,-0.0577311581546,1.0,-1.0
9199,Greys,0.252374389816,0.164829987635,0.304134955106,-1.0,-0.18005993439,1.0,-1.0
9200,Yellows,0.0491934165808,0.255224893824,0.452518401579,-0.714285714286,-0.457899083164,1.0,-1.0
9201,Yellows,-0.197197004713,0.14085607668,0.240784389646,-1.0,-0.198322145424,1.0,-1.0
9202,Yellows,0.0165959378893,0.209231636202,0.553341380822,-0.714285714286,0.000637028258433,1.0,-1.0
9203,Yellows,-0.302938574453,0.126079896783,0.159045463105,-0.714285714286,-0.310697871437,1.0,-1.0
9204,Yellows,-0.177892215614,0.206464386863,0.255668431781,1.0,-0.090883899144,1.0,-1.0
9205,Pinks,0.729092312966,0.470383352429,0.732555861152,0.714285714286,-0.0707055056982,1.0,1.0
9206,Greens,0.837286808362,0.981770618917,0.636387435757,-0.142857142857,-0.421101904376,1.0,1.0
9207,Greys,-0.156280322344,0.138165607566,0.401864555142,-0.428571428571,-0.361786699172,1.0,-1.0
9208,Yellows,-0.191683256899,0.0484665954458,0.219876614591,-1.0,-0.105942264557,1.0,-1.0
9209,Reds,0.222652283102,0.338248550801,0.436689571214,-0.714285714286,0.245765850108,1.0,-1.0
9210,Yellows,-0.265296122679,0.15656385197,0.157639760294,-0.714285714286,-0.468902227581,1.0,-1.0
9211,Yellows,-0.319743465906,0.211342215612,0.136303047458,1.0,0.027884176682,1.0,-1.0
9212,Pinks,0.627523770966,0.0186485053851,0.318711533573,0.428571428571,-0.600730756433,1.0,1.0
9213,Blues,-0.127405828955,0.205694005933,0.238636025293,0.142857142857,-0.0664053452813,1.0,-1.0
9214,Browns,-0.258054030919,0.461159691403,0.177742875989,1.0,0.860968357767,-1.0,-1.0
9215,Blues,0.167269807344,0.242931303629,0.293648049049,-1.0,-0.104761503413,1.0,-1.0
9216,Reds,0.249056409342,0.361567172639,0.471837165524,-0.428571428571,-0.371286733798,1.0,-1.0
9217,Yellows,-0.152504446129,0.162635612026,0.308233326605,1.0,-0.519625431509,1.0,-1.0
9218,Blues,0.158997604613,0.243514227906,0.259883442604,1.0,-0.327305721921,1.0,-1.0
9219,Yellows,-0.198866418847,0.237284067115,0.230080968662,-0.714285714286,-0.548389390046,1.0,-1.0
9220,Yellows,-0.0565685701961,0.12707697896,0.489512449121,1.0,-0.0448138846576,1.0,-1.0
9221,Yellows,-0.270726709001,0.158201581259,0.267712460898,-0.428571428571,-0.119360292785,1.0,-1.0
9222,Whites,0.479149634881,0.740982334462,0.629136179563,-0.142857142857,0.0568271171424,1.0,1.0
9223,Pinks,0.158051542643,-0.590903871746,0.797226689368,0.428571428571,-0.473662621668,1.0,1.0
9224,Browns,0.0273076033946,0.742793473275,-0.824364744162,-1.0,0.555640354933,-1.0,-1.0
9225,Pinks,0.0216926872249,-0.734359382832,-0.570842679877,0.428571428571,-0.137683472758,1.0,1.0
9226,Whites,-0.0506679543353,0.787673718229,0.432845804641,0.428571428571,-0.473678899941,1.0,1.0
9227,Whites,0.720327989358,0.84697607773,0.786554777317,0.428571428571,-0.115120893689,1.0,1.0
9228,Yellows,-0.207911642677,0.150513918043,0.138161748987,-0.428571428571,-0.185025439801,1.0,-1.0
9229,Blues,-0.138550100489,0.162035113066,0.260520898985,-0.714285714286,-0.145284052869,1.0,-1.0
9230,Oranges,-0.185284165937,0.10571351957,0.498987054216,-1.0,-0.614438032498,1.0,-1.0
9231,Blues,-0.156416506424,0.165247694502,0.230704148899,-0.714285714286,-0.422927094735,1.0,-1.0
9232,Greens,0.474517426684,0.13151191137,-0.197127442562,-0.142857142857,-0.314799276675,1.0,1.0
9233,Whites,-0.00414061844516,0.551772335253,0.395528989736,-0.142857142857,-0.351229878889,1.0,1.0
9234,Reds,-0.0777412574034,0.482495845702,0.747891446213,1.0,-0.539270827571,1.0,-1.0
9235,Blues,-0.245366523371,0.0853692265156,0.119622511554,-1.0,-0.310479915243,1.0,-1.0
9236,Greys,-0.092594457101,0.247387876704,0.530656362759,-0.428571428571,-0.257205455623,1.0,-1.0
9237,Yellows,0.15219709165,0.33710367237,0.716352277913,-0.428571428571,-0.368413508873,1.0,-1.0
9238,Reds,0.105437524923,0.242836285829,0.374013923637,-0.428571428571,-0.470246180972,1.0,-1.0
9239,Blues,-0.184817350664,0.119259414806,0.153835469749,-0.714285714286,-0.114852714199,1.0,-1.0
9240,Oranges,-0.165735453299,0.141594407313,0.441522168292,1.0,-0.581161620341,1.0,-1.0
9241,Reds,-0.203509730631,0.40287770242,0.727111950751,-0.428571428571,-0.369753201707,1.0,-1.0
9242,Purples,-0.349061441672,0.0433942923929,0.122034667403,1.0,0.0588293953089,-1.0,1.0
9243,Reds,0.109284296029,0.257823182568,0.294817775279,-1.0,-0.142155895156,1.0,-1.0
9244,Greens,0.970120919359,0.239164654293,0.110210984274,-0.142857142857,-0.302638532455,1.0,1.0
9245,Reds,0.28487929805,0.418378158299,0.431409726096,-1.0,-0.520182079399,1.0,-1.0
9246,Reds,-0.198790269472,0.425547047846,0.704909261744,0.142857142857,-0.318647777851,1.0,-1.0
9247,Greens,0.994257209817,0.994782497637,0.989509622571,0.714285714286,-0.159372873761,1.0,1.0
9248,Whites,-0.197305971228,0.431182762122,0.132397779022,-0.142857142857,-0.0833568140711,1.0,1.0
9249,Blues,-0.0996091147907,0.224027334464,0.256341792147,0.142857142857,-0.382158117593,1.0,-1.0
9250,Oranges,-0.143503165506,0.155739933972,0.467609219568,0.142857142857,-0.358339474406,1.0,-1.0
9251,Greys,0.177754294803,0.166953829832,0.264366360831,-0.714285714286,-0.567580852271,1.0,-1.0
9252,Greens,0.407167345349,0.588325460704,-0.0676379215711,-0.142857142857,-0.325889588724,1.0,1.0
9253,Blues,-0.180362247906,0.171058757796,0.19018869017,-0.714285714286,-0.469851922562,1.0,-1.0
9254,Whites,0.387132978338,0.715009152987,0.672081685531,-0.142857142857,-0.312301788689,1.0,1.0
9255,Reds,-0.274453497395,0.355541522569,0.687138956249,-1.0,-0.304258091212,1.0,-1.0
9256,Pinks,-0.27279472044,-0.539140499264,0.857909859281,0.428571428571,-0.269806282866,1.0,1.0
9257,Greys,0.229617373882,0.211015515043,0.312590221544,-0.714285714286,-0.474890263371,1.0,-1.0
9258,Blues,-0.128457131239,0.191024471166,0.255446585004,0.142857142857,-0.292837335289,1.0,-1.0
9259,Reds,0.275319378873,0.361302112628,0.421751467509,-1.0,-0.362109255906,1.0,-1.0
9260,Reds,0.178625891983,0.256013693635,0.368873873443,1.0,-0.294105428108,1.0,-1.0
9261,Reds,-0.162000692855,0.403141527625,0.716459049398,1.0,-0.495386379536,1.0,-1.0
9262,Yellows,-0.397877028504,0.0428172557804,0.144934314909,-0.428571428571,-0.0447937719694,1.0,-1.0
9263,Reds,0.193215818257,0.272209069809,0.415552087936,-1.0,-0.511937461577,1.0,-1.0
9264,Whites,-0.410710074721,0.473529526138,0.980288797814,0.428571428571,0.138883365652,1.0,1.0
9265,Reds,-0.289044182523,0.35221091541,0.649042398465,-1.0,-0.39791347757,1.0,-1.0
9266,Blues,0.154358745779,0.282139390596,0.286761880483,-0.428571428571,0.197271553816,1.0,-1.0
9267,Oranges,-0.203075241868,0.18936163872,0.46332872407,-0.714285714286,-0.273047489289,1.0,-1.0
9268,Blues,-0.179092149159,0.175500762466,0.16312554154,-1.0,-0.335806584991,1.0,-1.0
9269,Pinks,0.903521571894,0.194820854536,0.668506266224,0.428571428571,-0.102507292558,1.0,1.0
9270,Yellows,-0.17164294808,0.161825281025,0.238700451535,-0.714285714286,-0.254789595226,1.0,-1.0
9271,Blues,-0.162025877634,0.136521323657,0.192842757172,-0.714285714286,-0.280493727438,1.0,-1.0
9272,Reds,0.157005815115,0.35287700683,0.391741491634,1.0,-0.379440696215,1.0,-1.0
9273,Blues,0.230124500645,0.277888599,0.364798466553,-1.0,-0.128906267645,1.0,-1.0
9274,Yellows,-0.281478243466,0.0546601321548,0.151053286128,-0.428571428571,-0.511924147329,1.0,-1.0
9275,Greys,-0.0376363006402,0.275423531188,0.542513931121,-1.0,-0.32424272024,1.0,-1.0
9276,Greys,0.28354898191,0.228563872264,0.317528531843,1.0,-0.307357196361,1.0,-1.0
9277,Yellows,-0.122210020077,0.173586786916,0.30405684389,-0.714285714286,-0.497555943748,1.0,-1.0
9278,Reds,-0.212374725501,0.373552721497,0.702308867553,1.0,-0.352138463643,1.0,-1.0
9279,Whites,0.0407132746311,0.419865007725,0.964062753332,-0.142857142857,0.232314045311,1.0,1.0
9280,Yellows,-0.291071770287,0.154159650801,0.23274843169,-0.428571428571,-0.203345119017,1.0,-1.0
9281,Blues,0.194875092122,0.260492578792,0.319265712765,-0.714285714286,-0.540916455819,1.0,-1.0
9282,Browns,0.212587698294,-0.643558422173,0.720724697844,-0.428571428571,0.391099437446,-1.0,-1.0
9283,Greys,0.237137037813,0.219901087858,0.252378234633,1.0,0.109941762852,1.0,-1.0
9284,Pinks,0.344461234583,-0.590514927109,-0.201536533602,0.714285714286,0.104977646191,1.0,1.0
9285,Whites,0.584574117318,0.733760901185,0.857942950049,0.428571428571,-0.366520581058,1.0,1.0
9286,Yellows,-0.043464586727,0.314649230014,0.465672382518,-0.428571428571,-0.250678423902,1.0,-1.0
9287,Whites,0.76410255045,0.800605978739,0.774550976417,-0.142857142857,-0.513346922661,1.0,1.0
9288,Blues,0.205517346335,0.237860682947,0.276327125493,0.142857142857,-0.269743122219,1.0,-1.0
9289,Greens,0.73258544275,0.905357409,0.278913868963,-0.142857142857,-0.138735248751,1.0,1.0
9290,Browns,0.669027236169,-0.309497834266,-0.900968574632,0.142857142857,0.308173096899,-1.0,-1.0
9291,Yellows,-0.228187230755,0.270955021546,0.182909845542,1.0,-0.154738466985,1.0,-1.0
9292,Reds,0.18051297297,0.360002584774,0.484399702439,-1.0,-0.350607674988,1.0,-1.0
9293,Yellows,-0.177481874787,0.270094123538,0.347433745047,0.142857142857,0.110512841285,1.0,-1.0
9294,Yellows,-0.291995380762,0.129922243105,0.0625760618805,1.0,-0.54265082416,1.0,-1.0
9295,Greys,0.312507662828,0.18126749727,0.261876107495,-0.714285714286,-0.432596462404,1.0,-1.0
9296,Pinks,0.586632169511,0.379735570698,0.745419819796,0.714285714286,-0.364521660666,1.0,1.0
9297,Blues,0.147607822946,0.271912210201,0.275581023158,1.0,0.0494043056842,1.0,-1.0
9298,Yellows,-0.281143973608,0.16612186369,0.269408190364,-0.714285714286,-0.456104090593,1.0,-1.0
9299,Blues,-0.14016523739,0.141018671848,0.177697516081,0.142857142857,-0.449886341007,1.0,-1.0
9300,Yellows,-0.194337650222,0.291671930627,0.214649002161,-0.714285714286,0.175943513938,1.0,-1.0
9301,Yellows,0.0823534579755,0.270567113442,0.836519645689,-1.0,-0.29640857983,1.0,-1.0
9302,Oranges,-0.173098539583,0.174675401055,0.513088331743,0.142857142857,-0.335575474585,1.0,-1.0
9303,Yellows,-0.328224069154,0.0631576141165,0.154855423477,-1.0,-0.352030613375,1.0,-1.0
9304,Yellows,-0.117662581248,0.210468590594,0.217149002952,-0.714285714286,0.0717562874314,1.0,-1.0
9305,Reds,-0.282826577443,0.361019485157,0.638759436822,-0.714285714286,-0.397653531396,1.0,-1.0
9306,Blues,0.161552666322,0.322520837312,0.350891031745,-0.714285714286,-0.52587905667,1.0,-1.0
9307,Blues,0.224359471534,0.327973089212,0.330055202193,-0.428571428571,-0.446356322695,1.0,-1.0
9308,Reds,0.251982969564,0.358257862117,0.493677423581,-1.0,-0.2037499677,1.0,-1.0
9309,Pinks,0.565141931439,-0.851796067158,-0.112969485876,0.714285714286,-0.0540422948742,1.0,1.0
9310,Whites,-0.658955227842,-0.0245745847188,0.764946222714,0.428571428571,-0.445463462314,1.0,1.0
9311,Blues,0.164936420757,0.309482517214,0.272479296311,-0.428571428571,-0.404447680098,1.0,-1.0
9312,Yellows,-0.239834410123,0.103837136489,0.284809897928,-1.0,-0.274129164739,1.0,-1.0
9313,Blues,-0.0878824469973,0.196606778657,0.232634046085,-1.0,-0.405724408364,1.0,-1.0
9314,Reds,0.205901519946,0.332496452128,0.393751947928,-1.0,-0.246962619218,1.0,-1.0
9315,Greys,0.296956971646,0.227931619555,0.282285752258,1.0,-0.151553508284,1.0,-1.0
9316,Yellows,0.0465760147801,0.176495049005,0.318578153303,0.142857142857,-0.253306600347,1.0,-1.0
9317,Yellows,-0.38731729397,0.144734121367,0.224005352577,-1.0,-0.0488247015062,1.0,-1.0
9318,Browns,0.0420360531836,-0.845169692649,-0.800752649794,-0.428571428571,0.290298981468,-1.0,-1.0
9319,Pinks,0.456313428617,0.204679066715,0.239390456562,0.714285714286,-0.533180205641,1.0,1.0
9320,Yellows,-0.248635705402,0.18844864567,0.31374036607,-1.0,-0.383711063094,1.0,-1.0
9321,Yellows,-0.17386364595,0.276933748386,0.170155384754,0.142857142857,-0.592261251621,1.0,-1.0
9322,Yellows,-0.268107517538,0.177320827769,0.263378108226,0.142857142857,0.0586768408895,1.0,-1.0
9323,Yellows,0.0106320895809,0.343675360025,0.574961161635,1.0,-0.302285418466,1.0,-1.0
9324,Reds,0.286461186967,0.269435666262,0.415660842186,-0.714285714286,-0.518731715664,1.0,-1.0
9325,Blues,-0.16347076959,0.129381249857,0.199139998158,-0.714285714286,-0.550915919252,1.0,-1.0
9326,Greys,-0.0796612470413,0.178082721176,0.43327873224,-1.0,-0.157560627354,1.0,-1.0
9327,Yellows,0.0422297048337,0.0992325443123,0.691298188105,0.142857142857,-0.486583902461,1.0,-1.0
9328,Greens,0.6273986689,0.853072896187,0.280997657602,0.714285714286,-0.338149251257,1.0,1.0
9329,Yellows,-0.049414669406,0.164879191775,0.30933396663,-0.428571428571,-0.16290293831,1.0,-1.0
9330,Yellows,-0.1981494268,0.188466385299,0.246548087448,0.142857142857,-0.0872571829535,1.0,-1.0
9331,Yellows,-0.188370393391,0.293769836994,0.213396804651,-0.714285714286,-0.189255360843,1.0,-1.0
9332,Blues,-0.179695023073,0.063383811224,0.19123274853,-1.0,0.0907792273876,1.0,-1.0
9333,Yellows,-0.207902453342,0.0853155622046,0.272120843142,-0.714285714286,-0.0923730014731,1.0,-1.0
9334,Pinks,0.507570145627,-0.63716710054,-0.220704947793,0.428571428571,0.0869597674132,1.0,1.0
9335,Oranges,-0.108859425429,0.216286116988,0.485841352385,-0.714285714286,-0.338494320813,1.0,-1.0
9336,Yellows,-0.213476999872,0.125793516285,0.215877793488,1.0,-0.161820682049,1.0,-1.0
9337,Browns,-0.1356752162,-0.847724415938,-0.571044543265,0.142857142857,0.525933469803,-1.0,-1.0
9339,Oranges,-0.154335710736,0.202411092891,0.538820895457,0.142857142857,-0.292226732612,1.0,-1.0
9340,Yellows,-0.161593886055,0.173429242912,0.166919740217,1.0,-0.367611782263,1.0,-1.0
9341,Blues,-0.131639461101,0.165616345851,0.193782418006,1.0,-0.0756060568956,1.0,-1.0
9342,Oranges,-0.216339164767,0.160451595715,0.538592573222,-0.428571428571,-0.116333074575,1.0,-1.0
9343,Oranges,-0.0682644429023,0.192895771998,0.599359878506,-1.0,-0.509078939676,1.0,-1.0
9344,Oranges,-0.168481922233,0.0884564535139,0.475088864501,-0.428571428571,0.203872023168,1.0,-1.0
9345,Pinks,0.538676194147,0.503586990514,0.828836688391,0.428571428571,-0.489311615655,1.0,1.0
9346,Reds,-0.220380391421,0.353523573754,0.65647386793,-0.714285714286,-0.102552131722,1.0,-1.0
9347,Oranges,-0.198968429291,0.144540101806,0.440933834684,-1.0,-0.127657395237,1.0,-1.0
9348,Yellows,-0.308623537148,0.0762921432519,0.289068966374,-0.714285714286,-0.150557862559,1.0,-1.0
9349,Yellows,-0.165060900683,0.203828120764,0.280595742713,-0.714285714286,-0.0193225336097,1.0,-1.0
9350,Blues,-0.106132442248,0.183017438164,0.206341280629,-1.0,-0.155557831328,1.0,-1.0
9351,Greys,0.199882613493,0.155615039393,0.260799390833,1.0,-0.626388441351,1.0,-1.0
9352,Reds,-0.242348874621,0.419279423917,0.658847475541,1.0,-0.62262060629,1.0,-1.0
9353,Yellows,-0.203320990469,0.271811271995,0.243582340887,-1.0,0.20629232155,1.0,-1.0
9354,Oranges,-0.228602949655,0.204275414201,0.552447591247,-1.0,-0.175623691827,1.0,-1.0
9355,Yellows,-0.0477607283178,0.207881613688,0.288046251258,-0.714285714286,-0.620141727111,1.0,-1.0
9356,Oranges,-0.256562577251,0.17968289285,0.532738695513,-0.428571428571,-0.122326054876,1.0,-1.0
9357,Greys,-0.140324206938,0.216789138766,0.484260985223,-0.714285714286,-0.135951516372,1.0,-1.0
9358,Oranges,-0.145257383332,0.199200818513,0.550042427937,-1.0,0.0333969164054,1.0,-1.0
9359,Yellows,-0.17686034078,0.164652615341,0.168465715372,0.142857142857,-0.532187840941,1.0,-1.0
9360,Greys,-0.0846020304215,0.177746900695,0.444395708564,0.142857142857,-0.327370900619,1.0,-1.0
9361,Oranges,-0.150661850681,0.149508503496,0.543448695077,-0.714285714286,-0.165543814332,1.0,-1.0
9362,Yellows,-0.106581985245,-0.0451759693185,0.472549051852,-0.714285714286,-0.162669035783,1.0,-1.0
9363,Greens,-0.529223506782,0.15002033226,-0.949097256223,0.714285714286,-0.293966205426,1.0,1.0
9364,Whites,0.958548341321,0.993512101352,0.969257418793,-0.142857142857,-0.254195964748,1.0,1.0
9365,Reds,0.275028717367,0.331278677566,0.404084806005,-0.714285714286,-0.216123320205,1.0,-1.0
9366,Reds,-0.196203092491,0.434830318058,0.708173807932,0.142857142857,-0.463705830992,1.0,-1.0
9367,Yellows,-0.175037489564,0.232970312375,0.295525468707,-1.0,0.00330114059979,1.0,-1.0
9368,Greens,0.0268452385545,0.804498135119,-0.102083847237,0.714285714286,-0.517560848083,1.0,1.0
9369,Blues,-0.140377818308,0.13108196866,0.166126889789,-0.714285714286,-0.428507970919,1.0,-1.0
9370,Blues,-0.221108063861,0.145053004727,0.188061509331,0.142857142857,-0.299850406209,1.0,-1.0
9371,Blues,-0.166348392292,0.199701922353,0.253241866935,-0.714285714286,-0.491688016907,1.0,-1.0
9372,Reds,-0.220385186192,0.402966340016,0.705004338208,-0.714285714286,-0.392933049594,1.0,-1.0
9373,Oranges,0.554143030701,0.645368823058,0.376202988745,-1.0,-0.505815244477,1.0,-1.0
9374,Oranges,-0.15576444972,0.178591922985,0.484809653695,-1.0,-0.288948199025,1.0,-1.0
9375,Pinks,-0.294437640403,-0.577777997816,0.304072422579,0.714285714286,-0.292993139317,1.0,1.0
9376,Greys,-0.0582778386686,0.187056739017,0.459622577663,-1.0,-0.246622861583,1.0,-1.0
9377,Greens,0.806883864234,0.809061807533,0.597595353148,-0.142857142857,0.177425466302,1.0,1.0
9378,Yellows,-0.16030224075,0.167130114675,0.201095230488,1.0,-0.633095677766,1.0,-1.0
9379,Whites,-0.83292314505,-0.778962770877,-0.574014722501,0.428571428571,0.0584921216806,1.0,1.0
9381,Yellows,0.0837064593594,0.259411261606,0.679362440139,-0.714285714286,-0.562759090481,1.0,-1.0
9382,Oranges,-0.204271104844,0.18161665547,0.521352463081,-0.428571428571,-0.119942407402,1.0,-1.0
9383,Greens,0.110770398917,0.484883922585,-0.288612823357,-0.142857142857,-0.271598349828,1.0,1.0
9384,Browns,-0.666972221658,0.304094903044,-0.197733572638,-0.714285714286,0.649197866865,-1.0,-1.0
9385,Yellows,0.0340273433065,0.0741479594276,0.544991374997,1.0,0.0444236914526,1.0,-1.0
9386,Oranges,-0.114699466979,0.157960839465,0.56764524204,-0.714285714286,0.0716965299045,1.0,-1.0
9387,Whites,0.0367160061406,0.95203687886,0.957197920425,0.428571428571,-0.403799763434,1.0,1.0
9388,Blues,0.277738353889,0.361023480115,0.392227069098,-0.714285714286,-0.524184024185,1.0,-1.0
9389,Yellows,-0.169846921701,0.194702319844,0.229849421386,-0.428571428571,0.0157021531953,1.0,-1.0
9390,Whites,0.431030379144,0.609759258549,0.470641666482,-0.142857142857,-0.0630835799891,1.0,1.0
9391,Blues,0.173035615412,0.287537920967,0.341865907392,-1.0,-0.535201076426,1.0,-1.0
9392,Blues,0.155098531389,0.285849743007,0.306448977605,-0.714285714286,0.00467690664246,1.0,-1.0
9393,Reds,0.328762297266,0.399742732027,0.414896932433,1.0,0.00766861538549,1.0,-1.0
9394,Blues,-0.17775667955,0.127086595373,0.192933308589,-0.428571428571,-0.39318011604,1.0,-1.0
9395,Blues,-0.13458833971,0.190276630171,0.214590042215,-0.428571428571,-0.581978592592,1.0,-1.0
9396,Reds,0.18678629776,0.359855851368,0.387854808713,1.0,-0.200635169429,1.0,-1.0
9397,Reds,0.302286109165,0.378853073065,0.432717973202,1.0,-0.530008665948,1.0,-1.0
9398,Greens,0.931586933824,0.117935386663,-0.486637483867,-0.142857142857,-0.603150114181,1.0,1.0
9399,Yellows,0.132629307812,0.232446810345,0.649890502361,-1.0,-0.244148139263,1.0,-1.0
9400,Reds,-0.195693674824,0.348371136696,0.715680061447,0.142857142857,-0.390880288738,1.0,-1.0
9401,Oranges,-0.167483738495,0.0874164170568,0.503314211199,1.0,-0.419923359889,1.0,-1.0
9402,Yellows,-0.0931163247814,0.136222626191,0.608654260317,1.0,0.0901634363361,1.0,-1.0
9403,Yellows,-0.206898758583,0.0836992167354,0.273131928487,0.142857142857,0.224250433864,1.0,-1.0
9404,Reds,-0.17743994483,0.421217124939,0.694193067856,-0.428571428571,0.0807566259745,1.0,-1.0
9405,Blues,-0.171605609033,0.160775822416,0.181950671151,-0.714285714286,-0.152544791687,1.0,-1.0
9406,Greys,0.314941244166,0.276933079026,0.346766111509,-0.428571428571,-0.416414027906,1.0,-1.0
9407,Blues,-0.182789333376,0.135717095379,0.154492697333,0.142857142857,-0.125957409183,1.0,-1.0
9408,Greys,-0.0559428386967,0.23556236497,0.47178233145,1.0,-0.553864327386,1.0,-1.0
9409,Yellows,-0.274907298309,0.178620315892,0.133484515251,0.142857142857,-0.237881904308,1.0,-1.0
9411,Yellows,-0.1908675427,0.276649178518,0.401957987423,-1.0,0.153795107635,1.0,-1.0
9412,Yellows,0.0124377809785,0.273544357781,0.491984816044,-0.428571428571,-0.626290604797,1.0,-1.0
9413,Yellows,-0.23768364595,0.125074963801,0.204537693299,1.0,-0.194572109903,1.0,-1.0
9414,Greys,0.314109511284,0.218457750359,0.313415897022,-0.714285714286,-0.392428620564,1.0,-1.0
9415,Greys,0.284886475332,0.220002909827,0.345152344087,1.0,-0.215148713092,1.0,-1.0
9416,Reds,0.150701218033,0.297188222099,0.351132861065,1.0,-0.576313040809,1.0,-1.0
9417,Yellows,-0.0244070776611,0.256429521185,0.176361537276,-0.714285714286,-0.145154966797,1.0,-1.0
9418,Yellows,-0.142582198106,0.215373436377,0.238687455993,-0.714285714286,-0.432044188622,1.0,-1.0
9419,Blues,0.18197358763,0.274738693308,0.31369066334,1.0,-0.381322827794,1.0,-1.0
9420,Greys,-0.066275770896,0.243376187661,0.514353136722,1.0,-0.220834895971,1.0,-1.0
9421,Blues,-0.200982178688,0.167609355893,0.188874551214,1.0,-0.148083758033,1.0,-1.0
9422,Oranges,-0.175178597507,0.158130146732,0.554902721284,1.0,-0.274256126859,1.0,-1.0
9423,Greys,-0.085524359971,0.189137982561,0.46819423188,1.0,-0.310222454094,1.0,-1.0
9424,Blues,-0.154767825052,0.227004187644,0.176711041279,1.0,-0.353566491782,1.0,-1.0
9425,Purples,-0.550079299349,0.0838728991631,0.204361223546,-0.714285714286,0.177577678443,-1.0,1.0
9426,Blues,-0.22032518194,0.08469768048,0.155354586516,-0.428571428571,-0.363765860505,1.0,-1.0
9427,Reds,-0.270272613462,0.331879532642,0.637050645004,1.0,-0.240161766486,1.0,-1.0
9428,Greys,-0.120285190744,0.197760148467,0.451348919022,1.0,-0.0572612758482,1.0,-1.0
9429,Blues,0.259217892467,0.272396822079,0.41831758234,-0.714285714286,0.115794302188,1.0,-1.0
9430,Oranges,-0.15665940497,0.213452854567,0.510698542738,0.142857142857,-0.396567223717,1.0,-1.0
9431,Reds,-0.245233503438,0.370416008883,0.67391761532,-0.428571428571,-0.506089160885,1.0,-1.0
9432,Reds,-0.151135115659,0.483458530756,0.722330984348,-0.428571428571,-0.01652761408,1.0,-1.0
9433,Oranges,-0.113874103417,0.124787606286,0.536123208606,-1.0,-0.518167127609,1.0,-1.0
9434,Pinks,0.8763360881,-0.105302813616,0.558469768912,0.714285714286,-0.150557728327,1.0,1.0
9435,Blues,-0.131669130155,0.208684090367,0.16438630454,-0.428571428571,-0.424074469061,1.0,-1.0
9437,Reds,0.181355220018,0.246295326617,0.343828992182,-0.714285714286,-0.0363896564218,1.0,-1.0
9438,Blues,-0.154149971556,0.147263371109,0.197670554195,-1.0,-0.184748814905,1.0,-1.0
9439,Greens,0.228774434625,-0.126497936748,-0.191366937036,0.714285714286,-0.375879267077,1.0,1.0
9440,Yellows,-0.0149604347477,0.213554424676,0.580692335532,-0.428571428571,-0.490006626915,1.0,-1.0
9441,Yellows,-0.256409340103,0.154303257524,0.241752483873,-0.714285714286,-0.438289302297,1.0,-1.0
9442,Oranges,-0.139896359296,0.108428936518,0.457550725731,0.142857142857,-0.0583287765321,1.0,-1.0
9443,Yellows,0.127176349998,0.10140260721,0.69517206116,1.0,-0.592820747964,1.0,-1.0
9444,Blues,-0.112484167467,0.161779672421,0.250529131221,-0.428571428571,-0.0970979409072,1.0,-1.0
9445,Reds,-0.1749640068,0.428163843509,0.785053860753,1.0,-0.521086573608,1.0,-1.0
9446,Pinks,0.959655304287,0.690805818164,0.862877915216,0.428571428571,-0.483819736993,1.0,1.0
9447,Whites,-0.0710636999244,0.311086802965,0.56981204427,-0.142857142857,-0.553128306091,1.0,1.0
9448,Pinks,0.398974446408,-0.860925517287,0.731185394945,0.714285714286,-0.528124357847,1.0,1.0
9449,Blues,0.170011476427,0.264669236987,0.27592427205,-0.428571428571,-0.144952175618,1.0,-1.0
9450,Greys,0.265367403883,0.193139140476,0.309997690379,0.142857142857,-0.40718249243,1.0,-1.0
9451,Oranges,-0.158202994639,0.117961432766,0.552327389829,-0.714285714286,-0.245949374641,1.0,-1.0
9452,Reds,-0.236179858252,0.405910439092,0.622790766958,-0.714285714286,-0.410199586185,1.0,-1.0
9453,Yellows,-0.241788495253,0.11126860642,0.0930915565802,1.0,-0.344630257354,1.0,-1.0
9454,Blues,-0.137072880059,0.153600971696,0.194525794702,1.0,-0.535660188065,1.0,-1.0
9455,Reds,-0.233259259689,0.396432908869,0.752724501877,-0.714285714286,-0.395237723939,1.0,-1.0
9456,Reds,0.301073147872,0.398903741228,0.456198506348,-1.0,-0.525751241154,1.0,-1.0
9457,Browns,-0.60499117976,-0.00288776624791,0.375189720341,-0.428571428571,0.552489111626,-1.0,-1.0
9458,Blues,0.184834716876,0.222415557827,0.267499185946,0.142857142857,-0.427114212833,1.0,-1.0
9459,Reds,-0.253246768988,0.426313013035,0.687547227708,0.142857142857,-0.499734003389,1.0,-1.0
9460,Pinks,0.905185130363,-0.279247596863,-0.0374686437462,0.714285714286,-0.487418516114,1.0,1.0
9461,Greens,0.300629461528,-0.362894841349,-0.547177193275,-0.142857142857,-0.148075463568,1.0,1.0
9462,Yellows,-0.257323789745,0.14258696698,0.166399796701,0.142857142857,-0.559432152095,1.0,-1.0
9463,Yellows,-0.245911310742,0.106921820365,0.222485826572,1.0,0.244639747026,1.0,-1.0
9464,Blues,0.136288501272,0.302348571856,0.302083893137,-1.0,-0.224827173684,1.0,-1.0
9465,Yellows,-0.264167035108,0.10010092334,0.201551214233,-1.0,-0.458998519533,1.0,-1.0
9466,Oranges,-0.216294880587,0.0459617837351,0.565841770032,1.0,0.107523679453,1.0,-1.0
9467,Blues,-0.224127310473,0.0857407880824,0.162920879934,1.0,-0.333759000266,1.0,-1.0
9468,Browns,-0.577639354997,-0.532729905827,-0.506112856766,-0.714285714286,0.472204374113,-1.0,-1.0
9469,Blues,-0.153919185021,0.153525125819,0.195737643441,-0.714285714286,-0.482950665839,1.0,-1.0
9470,Oranges,-0.218613375271,0.0838266145337,0.499614144535,-0.714285714286,-0.548002897147,1.0,-1.0
9471,Whites,-0.225061750417,0.504763958471,-0.205826379491,0.428571428571,-0.230303929032,1.0,1.0
9472,Whites,-0.538520718456,0.011963701085,-0.266063786444,-0.142857142857,-0.479781489615,1.0,1.0
9473,Oranges,0.569425620161,0.637262464029,0.343615407355,-0.714285714286,-0.452719289567,1.0,-1.0
9474,Yellows,-0.0653149031033,0.129805654868,0.600206901768,-0.714285714286,-0.173843253246,1.0,-1.0
9475,Greys,0.220849771658,0.117523005645,0.268007496185,-0.428571428571,0.0438264406938,1.0,-1.0
9476,Blues,0.109897203525,0.259820392221,0.295372460417,-0.428571428571,-0.387611146305,1.0,-1.0
9477,Greys,-0.0125165268852,0.236815119324,0.563028385403,-1.0,-0.30018494077,1.0,-1.0
9478,Blues,-0.102854078525,0.184419897941,0.242282634376,1.0,-0.312860468407,1.0,-1.0
9479,Blues,-0.159419850988,0.188797820719,0.237184244368,1.0,-0.497871456853,1.0,-1.0
9480,Yellows,-0.270923031302,0.171480010672,0.215098218509,0.142857142857,-0.417010198182,1.0,-1.0
9481,Blues,-0.0452510472197,0.180989446459,0.254119539406,0.142857142857,-0.135361213387,1.0,-1.0
9482,Reds,0.224323170267,0.368559364682,0.37749417028,0.142857142857,0.0794415978526,1.0,-1.0
9483,Yellows,-0.367177509388,0.227200920416,0.247146882549,-0.428571428571,-0.417008346746,1.0,-1.0
9484,Whites,0.371205713196,0.451478771492,0.481897023558,0.428571428571,-0.173144838388,1.0,1.0
9485,Greys,-0.131870563023,0.13968466009,0.427097514526,1.0,-0.472785690984,1.0,-1.0
9486,Yellows,0.00798517643421,0.274201464661,0.624410906828,-0.714285714286,-0.288606598243,1.0,-1.0
9487,Oranges,0.533200533316,0.702897530229,0.405409288096,-0.428571428571,-0.360557540534,1.0,-1.0
9488,Greys,-0.0867650005458,0.233674730322,0.469222081838,1.0,-0.21927006448,1.0,-1.0
9489,Browns,0.375249851003,0.194169972977,-0.778948627037,0.142857142857,0.773093231295,-1.0,-1.0
9490,Reds,0.131824067753,0.254488682643,0.34698540903,-0.428571428571,-0.45133067714,1.0,-1.0
9491,Whites,0.304565638106,0.30763174353,0.449211010504,0.428571428571,-0.148598277674,1.0,1.0
9492,Greens,0.649287832625,0.898411783581,0.356617246115,-0.142857142857,-0.459859829313,1.0,1.0
9493,Yellows,-0.145300045098,0.139231187221,0.297654794407,-1.0,-0.0365378468732,1.0,-1.0
9494,Greys,0.261951405498,0.240375637968,0.306742199642,0.142857142857,-0.147858261163,1.0,-1.0
9495,Oranges,-0.0661364251615,0.176767378923,0.592763196165,1.0,-0.471428172803,1.0,-1.0
9496,Yellows,-0.0183041879439,0.307249696776,0.559497262002,1.0,0.0832736481625,1.0,-1.0
9497,Greys,-0.114251814677,0.248178082248,0.465188443519,-0.714285714286,-0.275130824563,1.0,-1.0
9498,Yellows,-0.0315684402661,0.210553154544,0.239314602773,0.142857142857,-0.430840765687,1.0,-1.0
9499,Whites,0.829693574927,0.836975225815,0.96743389608,0.428571428571,-0.169416234228,1.0,1.0
9500,Greys,0.253722231504,0.249198381323,0.327978991441,0.142857142857,-0.540081350062,1.0,-1.0
9501,Reds,0.209987425022,0.365794541572,0.452912793234,-0.428571428571,-0.265305361542,1.0,-1.0
9502,Greens,-0.0305860695501,0.664876293246,-0.501831796582,0.714285714286,-0.455853059203,1.0,1.0
9503,Pinks,0.79400189413,-0.607559380435,0.685344509693,0.428571428571,-0.00329975166109,1.0,1.0
9504,Yellows,-0.272259332953,0.0884003536571,0.154552645019,-0.428571428571,-0.561895681101,1.0,-1.0
9505,Blues,-0.116656277935,0.190129439131,0.232216508951,0.142857142857,-0.475754248378,1.0,-1.0
9506,Browns,-0.941240545909,-0.117410029838,-0.735366944316,-0.428571428571,0.385450063037,-1.0,-1.0
9507,Greens,0.772214800067,0.493988126622,-0.735021197121,-0.142857142857,-0.509082559875,1.0,1.0
9508,Whites,-0.171379402749,0.626311441281,0.376803529566,0.428571428571,-0.514410646339,1.0,1.0
9509,Blues,0.165566777192,0.303845502051,0.328338512899,0.142857142857,0.248385730876,1.0,-1.0
9510,Blues,0.180629895446,0.301930491629,0.298840502173,1.0,-0.425809229195,1.0,-1.0
9511,Greys,0.281332856897,0.21067144704,0.346511587045,0.142857142857,0.258284806172,1.0,-1.0
9512,Yellows,0.0533528100669,0.394074679449,0.56542014596,0.142857142857,-0.373575176077,1.0,-1.0
9513,Yellows,-0.19444320809,0.150187293278,0.234775197523,0.142857142857,0.0055391793173,1.0,-1.0
9514,Yellows,0.00656662876185,0.322917523909,0.700589012343,-0.428571428571,-0.303134501462,1.0,-1.0
9515,Reds,0.154105704432,0.269130991519,0.378926391002,-0.714285714286,0.182042700366,1.0,-1.0
9516,Blues,0.204606781108,0.278034889947,0.344561133832,-0.428571428571,-0.0696816665984,1.0,-1.0
9517,Yellows,-0.231436719488,0.234018063145,0.217291771476,1.0,-0.22399863384,1.0,-1.0
9518,Blues,0.187947950881,0.247304924177,0.371745867659,-0.714285714286,-0.555777858817,1.0,-1.0
9519,Oranges,-0.208168448321,0.130162980246,0.538594986262,-1.0,-0.531838608068,1.0,-1.0
9520,Reds,0.193736660574,0.365897717431,0.443180187715,0.142857142857,-0.234019011536,1.0,-1.0
9521,Reds,-0.286065072117,0.38394169538,0.670406435659,1.0,-0.516854935757,1.0,-1.0
9522,Blues,0.168992099301,0.259613448393,0.328615450101,1.0,-0.139010130929,1.0,-1.0
9523,Yellows,-0.142263212099,0.228356251884,0.253474297414,0.142857142857,-0.489761598405,1.0,-1.0
9524,Oranges,-0.131670473331,0.149200436458,0.518143974959,1.0,-0.599318436623,1.0,-1.0
9525,Pinks,0.971652927916,0.928123280985,0.949655606406,0.428571428571,0.0815798878905,1.0,1.0
9526,Whites,-0.96347141265,-0.134690542773,0.209714034585,-0.142857142857,0.140039086317,1.0,1.0
9527,Oranges,-0.178916667478,0.106358329067,0.475580155443,-0.428571428571,-0.499633452264,1.0,-1.0
9528,Yellows,-0.0374210305293,0.160493985375,0.680140075921,-0.714285714286,-0.312740147924,1.0,-1.0
9529,Greys,-0.130757971147,0.153076801413,0.425486198473,-1.0,-0.334911470373,1.0,-1.0
9530,Greens,-0.139270677829,-0.291313082851,-0.694042945282,0.714285714286,-0.294571725924,1.0,1.0
9531,Blues,0.213087338643,0.301485443454,0.335510829791,-0.714285714286,-0.479031045653,1.0,-1.0
9532,Whites,0.247655315296,0.947351278263,0.830031726859,-0.142857142857,0.106857319387,1.0,1.0
9533,Yellows,-0.082636164578,0.222545391655,0.697855125849,0.142857142857,-0.510842646377,1.0,-1.0
9534,Blues,-0.250283400243,0.14946831403,0.197712460855,1.0,-0.488332764897,1.0,-1.0
9535,Reds,-0.121948457912,0.465052992419,0.734101638128,1.0,-0.0442000099526,1.0,-1.0
9536,Oranges,0.59489238427,0.718627911722,0.397755911485,1.0,-0.207024177509,1.0,-1.0
9537,Yellows,0.0979073321224,0.108187910186,0.313635810123,0.142857142857,-0.604655017551,1.0,-1.0
9538,Reds,0.165469771643,0.293477051224,0.338946711713,-1.0,0.229901986207,1.0,-1.0
9539,Blues,-0.157213686285,0.157727230344,0.198546653182,-0.714285714286,-0.524965971507,1.0,-1.0
9540,Blues,-0.168572930415,0.139273148065,0.140353563562,0.142857142857,-0.104917096432,1.0,-1.0
9541,Blues,0.162814576742,0.307343572358,0.311282112263,-0.428571428571,-0.608466756116,1.0,-1.0
9542,Yellows,-0.0887791174895,0.354171419538,0.217434664542,1.0,-0.368996218691,1.0,-1.0
9543,Blues,-0.209135805848,0.0983636686401,0.155923378246,0.142857142857,-0.184886109549,1.0,-1.0
9544,Yellows,-0.166737872095,0.203889631517,0.186121165271,-0.714285714286,-0.484751137928,1.0,-1.0
9545,Yellows,-0.190979805103,0.254426692095,0.215505071094,-0.714285714286,-0.0711008932902,1.0,-1.0
9546,Greys,-0.164698470855,0.218291092812,0.430829387069,1.0,-0.586250267597,1.0,-1.0
9547,Oranges,-0.0856445256618,0.136392506439,0.456288607709,-0.714285714286,-0.346983154017,1.0,-1.0
9548,Yellows,-0.200089820548,0.101657569666,0.119562981381,-0.714285714286,0.036096741138,1.0,-1.0
9549,Greys,0.240173833055,0.153390473872,0.323730774975,-0.714285714286,0.0348078690236,1.0,-1.0
9550,Oranges,-0.105126495345,0.195414635366,0.622296822927,-1.0,0.102235621597,1.0,-1.0
9551,Reds,0.192924751885,0.336290968188,0.371788678837,0.142857142857,-0.3166168386,1.0,-1.0
9552,Yellows,-0.194172874783,0.265843662072,0.267896235776,1.0,-0.399334412751,1.0,-1.0
9553,Reds,-0.273931901163,0.424591826659,0.676968966409,1.0,-0.58482899752,1.0,-1.0
9554,Yellows,-0.168469972744,0.208740948869,0.320536468908,-0.714285714286,-0.399552055485,1.0,-1.0
9555,Blues,0.209437335879,0.362202446248,0.360537626256,-0.714285714286,0.069638416185,1.0,-1.0
9556,Oranges,-0.139825217992,0.14130972352,0.530709645145,-1.0,-0.617270305407,1.0,-1.0
9557,Yellows,-0.326296512539,0.237653042636,0.250085987668,1.0,0.0140752474675,1.0,-1.0
9558,Yellows,0.00265137194029,0.292616444705,0.611662581171,-1.0,-0.605033217361,1.0,-1.0
9559,Whites,-0.466526193177,0.787735652921,-0.431953552603,-0.142857142857,-0.162732443938,1.0,1.0
9560,Yellows,0.0702085451304,0.252213995191,0.532350626807,-0.428571428571,-0.409675488885,1.0,-1.0
9561,Oranges,-0.0589698508532,0.233965239073,0.583414301325,-0.714285714286,-0.410443616166,1.0,-1.0
9562,Oranges,-0.208467718447,0.0985590276039,0.427675036891,0.142857142857,-0.0698942574504,1.0,-1.0
9563,Blues,0.291382788858,0.35572576905,0.360663807487,0.142857142857,-0.44093335477,1.0,-1.0
9564,Reds,-0.228202201633,0.379625508585,0.717799519502,-1.0,-0.0716191030017,1.0,-1.0
9565,Greys,-0.082646780665,0.248352246208,0.355825392928,1.0,-0.144900032156,1.0,-1.0
9566,Greys,-0.10169598742,0.148331978775,0.429815463712,-0.428571428571,-0.494996169089,1.0,-1.0
9567,Oranges,-0.243511826574,0.0922776150547,0.443906498565,0.142857142857,0.205465456202,1.0,-1.0
9568,Reds,0.249693379345,0.416222138889,0.464834933477,-0.714285714286,-0.166428822155,1.0,-1.0
9569,Greens,0.962642608938,0.980239993909,0.914040599165,0.714285714286,-0.600104751848,1.0,1.0
9570,Pinks,0.954874194099,0.493339366104,0.496367150008,0.428571428571,0.194591715895,1.0,1.0
9571,Purples,0.283679521161,0.367992548261,0.64594207035,-0.428571428571,-0.823386755271,-1.0,1.0
9572,Reds,0.240912266748,0.477682172958,0.440224905811,-0.714285714286,-0.545106034213,1.0,-1.0
9573,Whites,0.0477734851221,0.198998988123,0.118896104554,0.428571428571,-0.322613764999,1.0,1.0
9574,Greys,0.218685849514,0.131389073091,0.295145278216,-1.0,-0.460094821984,1.0,-1.0
9575,Yellows,-0.222918548651,0.118477150549,0.255604175981,1.0,-0.525987372064,1.0,-1.0
9576,Oranges,-0.159279600754,0.154249748525,0.529651846555,1.0,-0.565766551071,1.0,-1.0
9577,Yellows,-0.126471052942,0.0997595920142,0.184378667605,-0.428571428571,-0.398893356017,1.0,-1.0
9578,Browns,-0.827090756807,-0.41103814677,0.690195158051,-0.428571428571,0.395744391947,-1.0,-1.0
9579,Reds,-0.255290731118,0.454307213479,0.733171784022,-1.0,-0.581363356106,1.0,-1.0
9580,Yellows,-0.161025874846,0.17998052852,0.206671043453,-0.428571428571,-0.512814155142,1.0,-1.0
9581,Yellows,-0.136528010831,0.162698966502,0.589527418578,1.0,-0.387544115982,1.0,-1.0
9582,Blues,0.238842165468,0.280565128629,0.305839414214,-0.714285714286,-0.55407075691,1.0,-1.0
9584,Reds,0.207638133204,0.280432094602,0.371051607952,1.0,-0.383238050389,1.0,-1.0
9585,Reds,0.170069474384,0.259034639878,0.394711595115,0.142857142857,-0.166056500606,1.0,-1.0
9586,Pinks,0.904724196003,0.837886433871,0.883849572589,0.714285714286,0.129027535338,1.0,1.0
9587,Purples,-0.365234351804,0.109256609733,0.074920917599,-0.714285714286,0.0373598874809,-1.0,1.0
9588,Whites,-0.0172128571094,0.747774497688,0.911358454414,-0.142857142857,-0.635049432094,1.0,1.0
9589,Greens,0.759327820479,0.647776753843,0.294128072757,-0.142857142857,-0.411268375419,1.0,1.0
9590,Pinks,0.667177436923,0.355204675179,0.203207912326,0.428571428571,-0.522836591254,1.0,1.0
9591,Yellows,-0.118425838021,0.212255533716,0.0677848677085,-0.428571428571,-0.359842561027,1.0,-1.0
9592,Blues,-0.114573233128,0.136018614549,0.175859492901,-0.428571428571,-0.389024733204,1.0,-1.0
9593,Blues,0.174779553075,0.251461449772,0.316077681465,-1.0,-0.375631980742,1.0,-1.0
9594,Yellows,-0.12539267195,0.0777079338841,0.235521395786,0.142857142857,0.028106789649,1.0,-1.0
9595,Yellows,-0.190120144645,0.223616695549,0.25266313318,-0.714285714286,0.241166183695,1.0,-1.0
9596,Yellows,-0.116089589009,0.222103468502,0.215981140271,-0.428571428571,-0.324928564086,1.0,-1.0
9597,Yellows,-0.311661264542,0.187316227085,0.234764793418,-0.714285714286,-0.512156023104,1.0,-1.0
9598,Yellows,-0.195041549949,0.0868119257659,0.178239493512,1.0,-0.289766524,1.0,-1.0
9599,Yellows,-0.139964966716,0.0974206118866,0.806417588069,-0.428571428571,-0.381606361912,1.0,-1.0
9600,Yellows,-0.161895980765,0.171526686865,0.301266054216,1.0,-0.284023183065,1.0,-1.0
9601,Reds,0.181382239157,0.298917276701,0.428482488641,-1.0,0.144938031864,1.0,-1.0
9602,Greys,0.315462383785,0.212991152706,0.305365790266,0.142857142857,-0.526100773461,1.0,-1.0
9603,Reds,0.220050856955,0.338501463984,0.419143449448,-0.714285714286,-0.436871605354,1.0,-1.0
9604,Greys,-0.178384426596,0.179120852009,0.411529539515,1.0,0.245015435548,1.0,-1.0
9605,Oranges,0.51032532182,0.635695455098,0.326763435451,-0.428571428571,-0.432501825752,1.0,-1.0
9606,Oranges,0.696079945447,0.809341045558,0.496949125661,-1.0,-0.136569365908,1.0,-1.0
9607,Greens,0.712536041291,0.718994626032,-0.71948957972,-0.142857142857,-0.546785771794,1.0,1.0
9608,Blues,0.224997909373,0.297779460636,0.264333709192,1.0,-0.0882690085463,1.0,-1.0
9609,Yellows,-0.166169668623,0.281503216767,0.593840069656,0.142857142857,-0.0751263028799,1.0,-1.0
9610,Blues,0.0978448448931,0.288406980538,0.27461222999,1.0,-0.234640341609,1.0,-1.0
9611,Whites,0.506172307811,0.630783777674,0.70523409665,-0.142857142857,-0.226329094581,1.0,1.0
9612,Yellows,-0.228809059609,0.109091587848,0.113911605763,-0.714285714286,-0.0585273366587,1.0,-1.0
9613,Blues,-0.146920533244,0.169976460088,0.182186597188,-1.0,-0.293331956219,1.0,-1.0
9614,Yellows,0.135488497486,0.162371736111,0.561569667121,1.0,0.24851111379,1.0,-1.0
9615,Yellows,-0.277761237738,0.0606287662759,0.267172709813,-1.0,-0.492169931906,1.0,-1.0
9616,Oranges,-0.0891131743197,0.20803635943,0.698121368164,0.142857142857,-0.520079602868,1.0,-1.0
9617,Yellows,-0.178103608585,0.0648605304479,0.147543939608,-1.0,-0.319566091545,1.0,-1.0
9618,Reds,0.274707732498,0.386092924928,0.443440141518,0.142857142857,-0.537216926632,1.0,-1.0
9619,Yellows,0.156212234399,0.244228925281,0.7559976081,-0.714285714286,0.0108891220883,1.0,-1.0
9620,Yellows,0.0550813967214,0.283441433815,0.534732930279,-1.0,-0.556632228281,1.0,-1.0
9621,Blues,-0.167003156739,0.11021929823,0.184692171799,-0.714285714286,-0.496653464509,1.0,-1.0
9622,Greens,0.633546833685,0.617206251282,0.0132663468186,-0.142857142857,-0.0766870631349,1.0,1.0
9623,Yellows,-0.105669928834,0.0680336580258,0.201522578926,-1.0,-0.305699648416,1.0,-1.0
9624,Greys,-0.093416006083,0.210929322307,0.472094409517,-0.428571428571,-0.445935364943,1.0,-1.0
9625,Greys,-0.064119034415,0.228462654877,0.496437288828,-1.0,-0.505906775089,1.0,-1.0
9626,Reds,0.166243388422,0.325756012903,0.333900907038,-0.714285714286,0.189337215783,1.0,-1.0
9627,Greens,0.583870225232,0.17132156458,-0.0388800039373,0.714285714286,-0.429938959706,1.0,1.0
9628,Greens,0.925166523723,0.430079505342,-0.951294525518,0.714285714286,-0.0248271786561,1.0,1.0
9629,Whites,0.495326023755,0.851213040291,0.511937222534,-0.142857142857,0.198635915506,1.0,1.0
9630,Yellows,-0.161024728015,0.224134977253,0.245077334116,-0.428571428571,-0.144377685304,1.0,-1.0
9631,Yellows,-0.269984625657,0.17628933143,0.284876801034,-0.428571428571,-0.266532831721,1.0,-1.0
9632,Pinks,0.341285648327,-0.81723499623,-0.0390256169113,0.714285714286,0.23087370751,1.0,1.0
9633,Reds,0.168184664169,0.302871029648,0.428924204588,-0.714285714286,-0.0862697362609,1.0,-1.0
9634,Yellows,-0.24034008568,0.192419202832,0.183940882569,0.142857142857,-0.536172748092,1.0,-1.0
9635,Whites,-0.999356325938,0.859134932512,-0.376734100807,0.428571428571,-0.205021608829,1.0,1.0
9636,Greys,-0.104797702636,0.230924087198,0.503605156719,0.142857142857,-0.2303273435,1.0,-1.0
9637,Oranges,-0.156158967946,0.220219997503,0.475039842073,1.0,-0.296825876211,1.0,-1.0
9638,Oranges,-0.193643737734,0.165523725406,0.603951136709,0.142857142857,0.147796142889,1.0,-1.0
9639,Pinks,0.969321459085,0.614546237445,0.78113786969,0.714285714286,0.0800971903396,1.0,1.0
9640,Blues,-0.174032402221,0.174716004678,0.196878654699,0.142857142857,-0.468444363505,1.0,-1.0
9641,Greys,0.28321385046,0.1480115577,0.295945409321,-0.714285714286,-0.396646485001,1.0,-1.0
9642,Whites,0.34666946655,0.395112741441,0.944595269756,-0.142857142857,-0.395276968189,1.0,1.0
9643,Reds,-0.297273385636,0.433145317076,0.7404336638,1.0,-0.399792833106,1.0,-1.0
9644,Blues,-0.191754243343,0.114799168094,0.233866035411,-1.0,-0.228897309239,1.0,-1.0
9645,Oranges,-0.0903795523626,0.328944926747,0.541946211669,-0.714285714286,-0.639047552062,1.0,-1.0
9646,Yellows,0.0438411380638,0.11265223965,0.607167776409,1.0,0.0764298407228,1.0,-1.0
9647,Yellows,-0.285401571274,0.115223558583,0.266608643692,-1.0,-0.544096042224,1.0,-1.0
9648,Blues,-0.209729044209,0.129945471856,0.140515398252,-0.714285714286,-0.488710985408,1.0,-1.0
9649,Pinks,0.657591537048,-0.434694182597,-0.111500637257,0.714285714286,-0.30194240974,1.0,1.0
9650,Browns,0.384040208325,-0.914009735599,-0.215471741453,1.0,0.736279313509,-1.0,-1.0
9651,Greys,-0.0793101907384,0.270269961679,0.46476655526,-0.428571428571,-0.43509739638,1.0,-1.0
9652,Oranges,-0.112920658409,0.166501441271,0.507613091316,0.142857142857,-0.040846381276,1.0,-1.0
9653,Reds,0.261965393758,0.29781585155,0.428663140337,-1.0,-0.136736201657,1.0,-1.0
9654,Reds,-0.198368058346,0.325379794377,0.670003528314,-0.714285714286,-0.445793640551,1.0,-1.0
9655,Greens,0.390030888441,0.0784263735863,0.020468873543,-0.142857142857,-0.57956448452,1.0,1.0
9656,Browns,-0.54067715243,-0.108906897069,-0.954175400939,-0.428571428571,0.892552746088,-1.0,-1.0
9657,Greys,-0.0509606335769,0.27914452364,0.506857624127,0.142857142857,-0.21849740023,1.0,-1.0
9658,Blues,-0.176123351917,0.148431643354,0.197239008972,-0.428571428571,-0.00215039385818,1.0,-1.0
9659,Greens,-0.114800729606,0.349975769577,-0.483138271299,-0.142857142857,-0.359928408832,1.0,1.0
9660,Blues,-0.1083014267,0.167802919672,0.204469857708,-1.0,-0.443101810414,1.0,-1.0
9661,Browns,-0.942158717463,-0.348549928646,-0.559343037396,-0.714285714286,0.260720075849,-1.0,-1.0
9663,Yellows,-0.279891088138,0.119400999514,0.141941745075,0.142857142857,0.0738060793844,1.0,-1.0
9664,Greens,0.826497323484,0.899686432216,0.780123097853,-0.142857142857,-0.425818190605,1.0,1.0
9665,Blues,-0.164294546448,0.222447762376,0.24027688221,0.142857142857,-0.260995419662,1.0,-1.0
9666,Browns,-0.257810021941,0.109565520964,0.647501318149,-0.428571428571,0.263894853479,-1.0,-1.0
9667,Greys,-0.057896065481,0.211266220036,0.525482666103,-0.714285714286,-0.52485741707,1.0,-1.0
9668,Greys,0.2834396738,0.186683447243,0.28469863696,-1.0,0.0946289515979,1.0,-1.0
9669,Blues,-0.131625357652,0.21032718567,0.241592019382,-1.0,-0.22021959446,1.0,-1.0
9670,Reds,-0.270740066943,0.371449712993,0.622749200581,0.142857142857,-0.399778550016,1.0,-1.0
9671,Blues,-0.180649823867,0.158805706469,0.141492226794,0.142857142857,0.139155975076,1.0,-1.0
9672,Greys,0.280388922725,0.196858093501,0.325452734238,0.142857142857,-0.390676961564,1.0,-1.0
9673,Greys,-0.139040825281,0.213507167631,0.500976418295,-1.0,-0.158042081376,1.0,-1.0
9674,Yellows,-0.23001317756,0.183831269202,0.205767690848,-0.428571428571,-0.569564221207,1.0,-1.0
9675,Yellows,0.019974578457,0.217579517663,0.510145290485,0.142857142857,-0.601776430844,1.0,-1.0
9676,Reds,-0.170099262986,0.367396439436,0.663081499163,-0.714285714286,0.121813865754,1.0,-1.0
9677,Blues,-0.152742946795,0.156322962787,0.201378107369,0.142857142857,-0.555861714888,1.0,-1.0
9678,Greys,-0.109646355492,0.183116996171,0.468415094981,-0.714285714286,-0.0798239154569,1.0,-1.0
9679,Yellows,-0.298773403431,0.183088238897,0.131229331058,-0.714285714286,-0.579150751891,1.0,-1.0
9680,Reds,-0.224401510071,0.385153242079,0.705415073421,1.0,-0.398161404218,1.0,-1.0
9681,Yellows,-0.281122150098,0.154488887826,0.147296880821,-0.428571428571,-0.575502677514,1.0,-1.0
9682,Oranges,-0.181585227012,0.105947184693,0.443708379616,-1.0,-0.567388698435,1.0,-1.0
9683,Blues,-0.108949455709,0.186155916574,0.187241239887,-0.428571428571,-0.318585644094,1.0,-1.0
9684,Greens,0.854456219044,0.440081686937,0.170245290442,0.714285714286,-0.360516001753,1.0,1.0
9685,Blues,-0.155282023504,0.0907771295781,0.203174809671,-0.714285714286,-0.338644977775,1.0,-1.0
9686,Blues,0.230886542076,0.306221347504,0.299511724724,-0.714285714286,-0.31499346698,1.0,-1.0
9687,Yellows,-0.00459908310712,0.0260638580536,0.740511622201,-0.428571428571,-0.246896334487,1.0,-1.0
9688,Greens,0.677777152343,0.674910227864,0.164802949209,-0.142857142857,-0.303404127839,1.0,1.0
9689,Oranges,0.614191950509,0.710783710551,0.348869769438,1.0,-0.557332953386,1.0,-1.0
9690,Reds,-0.237185687856,0.413767913104,0.644261437616,-0.428571428571,-0.337437601075,1.0,-1.0
9691,Yellows,0.0620875652336,0.393067027585,0.593822486997,-0.714285714286,-0.574836206798,1.0,-1.0
9692,Yellows,-0.246892742234,0.250567590392,0.148247824377,-1.0,-0.217706860291,1.0,-1.0
9693,Blues,-0.137540791858,0.121255745955,0.154730029666,-1.0,-0.24423716111,1.0,-1.0
9694,Oranges,-0.160015243012,0.190809149103,0.467032837386,0.142857142857,-0.491434614642,1.0,-1.0
9695,Browns,0.436498077073,-0.793613063037,0.355709002309,-0.428571428571,0.600237111368,-1.0,-1.0
9696,Yellows,-0.185215280862,0.123174769607,0.251555136492,-1.0,-0.582459083624,1.0,-1.0
9697,Oranges,-0.115758579601,0.165007915945,0.524194993246,1.0,-0.0102490236158,1.0,-1.0
9698,Greys,-0.077038625354,0.237356208453,0.505105206708,-0.428571428571,0.0284281734015,1.0,-1.0
9699,Browns,-0.0851400765664,-0.443868049025,-0.436348272464,-1.0,0.290466583054,-1.0,-1.0
9700,Reds,-0.227963349093,0.372826498737,0.733195410264,0.142857142857,-0.607488951546,1.0,-1.0
9701,Yellows,-0.0991703874487,0.0925859217537,0.568187487568,-0.428571428571,-0.446396281469,1.0,-1.0
9702,Blues,0.214292938022,0.339309872781,0.2573556847,1.0,-0.290510139139,1.0,-1.0
9703,Whites,0.73148550456,0.800939324006,0.736574584215,0.428571428571,-0.420998901067,1.0,1.0
9704,Reds,-0.240281178109,0.425545805089,0.677242853741,-1.0,-0.504952189244,1.0,-1.0
9705,Yellows,-0.17028976953,0.306192505142,0.289197588175,-0.428571428571,-0.453707002338,1.0,-1.0
9706,Reds,-0.255063822787,0.336221190768,0.654560937744,-0.428571428571,-0.51120148966,1.0,-1.0
9707,Yellows,-0.217896088469,0.25292856109,0.222587881792,0.142857142857,-0.194617971109,1.0,-1.0
9708,Oranges,-0.155014942776,0.175497545691,0.606030986969,-1.0,-0.465641220842,1.0,-1.0
9709,Oranges,-0.0905005042007,0.244253369062,0.575169709251,-0.428571428571,-0.498364628299,1.0,-1.0
9710,Yellows,-0.00345282518447,0.315835827062,0.458850320222,0.142857142857,-0.417783486576,1.0,-1.0
9711,Yellows,-0.257309882961,0.0697034277891,0.261979418888,-0.428571428571,-0.432194738955,1.0,-1.0
9712,Blues,-0.176888343837,0.118799321971,0.207460636911,-0.714285714286,0.0146844142197,1.0,-1.0
9713,Reds,0.251346838119,0.426691323363,0.478356837726,-1.0,-0.104117901707,1.0,-1.0
9714,Greys,0.288315001508,0.218768164023,0.335761281764,1.0,-0.358158223458,1.0,-1.0
9715,Yellows,-0.0383922856255,0.311210146643,0.603216539237,1.0,-0.0646029048157,1.0,-1.0
9716,Yellows,0.136292366158,0.221011549571,0.581530246967,-1.0,-0.335531883976,1.0,-1.0
9717,Greys,0.297158360252,0.261268327273,0.338365522887,-1.0,-0.434956580573,1.0,-1.0
9718,Reds,0.184127412424,0.34857636715,0.454990412159,0.142857142857,-0.0301735460048,1.0,-1.0
9719,Yellows,0.0775736482688,0.113610933319,0.564936069417,1.0,-0.582036627889,1.0,-1.0
9720,Greys,-0.0735484038073,0.172112140711,0.44856468546,-1.0,-0.576929153366,1.0,-1.0
9721,Blues,-0.153670631513,0.166473706705,0.216276290029,0.142857142857,-0.415829861258,1.0,-1.0
9722,Whites,-0.621123107304,-0.157496601595,0.364620445934,-0.142857142857,-0.505260769583,1.0,1.0
9723,Reds,0.235447295023,0.360504946469,0.42866765046,-1.0,-0.567802163868,1.0,-1.0
9724,Browns,0.284535961062,-0.11197518189,-0.356267239064,1.0,0.639667192041,-1.0,-1.0
9725,Blues,0.247661453232,0.283971015468,0.353472833914,-1.0,-0.517562278849,1.0,-1.0
9726,Pinks,0.936832624499,0.834536757596,0.905549492276,0.714285714286,-0.0166966445528,1.0,1.0
9727,Yellows,-0.210459324404,0.23644803401,0.298526702658,0.142857142857,-0.547591271345,1.0,-1.0
9728,Blues,0.163255768366,0.311109672533,0.33166154923,-1.0,-0.399274183215,1.0,-1.0
9729,Yellows,-0.151882724052,0.263348570326,0.182673588464,0.142857142857,-0.492320177436,1.0,-1.0
9730,Whites,-0.689882366361,0.0966156477811,0.972052847272,0.428571428571,-0.525175493058,1.0,1.0
9731,Whites,0.855282536361,0.885806758526,0.907265952667,0.428571428571,-0.162581609027,1.0,1.0
9732,Reds,-0.173093318414,0.410976992392,0.708325885044,-0.428571428571,0.0889079649161,1.0,-1.0
9733,Blues,0.236289007896,0.319474625693,0.361170786439,-0.428571428571,-0.10686135642,1.0,-1.0
9734,Yellows,-0.0425877623706,0.0749125007708,0.732518054419,0.142857142857,-0.293498850719,1.0,-1.0
9735,Reds,-0.286923689971,0.342950025401,0.660207245829,0.142857142857,-0.313376456195,1.0,-1.0
9736,Yellows,-0.0758592477082,0.356331070292,0.555028300853,0.142857142857,-0.496294754595,1.0,-1.0
9737,Yellows,-0.125343353639,0.311502337454,0.265123336931,-1.0,-0.213253809217,1.0,-1.0
9738,Yellows,-0.227353673975,0.192258720205,0.294492963573,-1.0,0.0357825380493,1.0,-1.0
9739,Oranges,-0.17152273131,0.035189104778,0.471888875336,-0.714285714286,-0.316062493162,1.0,-1.0
9740,Yellows,-0.252179186131,0.074587700306,0.183240145311,-0.714285714286,-0.264334807468,1.0,-1.0
9741,Reds,0.262534830214,0.31763058616,0.44678778588,-0.428571428571,-0.505687657726,1.0,-1.0
9742,Reds,-0.363428201279,0.310153731851,0.641011273832,1.0,-0.154411719721,1.0,-1.0
9743,Blues,-0.173378427159,0.150662702727,0.162008182348,-1.0,-0.347783869512,1.0,-1.0
9744,Oranges,-0.125547388256,0.126087338369,0.531817939011,-1.0,-0.515812136724,1.0,-1.0
9745,Greys,-0.1784470247,0.170261448722,0.449864086121,1.0,-0.398394688899,1.0,-1.0
9746,Yellows,-0.157948334746,0.122783235053,0.356417942103,1.0,-0.419648845423,1.0,-1.0
9747,Yellows,-0.167881243692,0.21778512588,0.548988731334,-0.428571428571,-0.409871305341,1.0,-1.0
9748,Greens,0.769839258366,0.631808541005,0.596179566723,-0.142857142857,0.000783557892764,1.0,1.0
9749,Reds,-0.252768158369,0.389734233387,0.661968390211,-0.428571428571,0.216131042932,1.0,-1.0
9750,Yellows,0.0555562735683,0.364236276531,0.671471364095,-1.0,-0.391503766086,1.0,-1.0
9751,Yellows,-0.187471165855,0.103190288214,0.244461385442,0.142857142857,0.0298886711897,1.0,-1.0
9752,Whites,-0.893289767681,0.42158996958,0.00974377407942,-0.142857142857,-0.156488733591,1.0,1.0
9753,Blues,0.130595424999,0.300153025023,0.356899032318,-1.0,-0.386801030174,1.0,-1.0
9754,Yellows,-0.200723517848,0.125706562942,0.177282250931,1.0,-0.300888003347,1.0,-1.0
9755,Reds,0.160510521503,0.358775814479,0.402347272321,0.142857142857,-0.460716255787,1.0,-1.0
9756,Reds,-0.250514959821,0.426370151817,0.604906293111,0.142857142857,-0.135939556842,1.0,-1.0
9757,Oranges,-0.131185652566,0.0910716739088,0.495357267703,0.142857142857,-0.34757192682,1.0,-1.0
9758,Greens,0.411090305625,0.924056303064,-0.792583150299,0.714285714286,0.074518551477,1.0,1.0
9759,Greens,0.752594279914,-0.56077653222,-0.566735251035,-0.142857142857,-0.289368677478,1.0,1.0
9760,Yellows,-0.182458148078,0.258975505388,0.186337358583,-0.714285714286,-0.165804702144,1.0,-1.0
9761,Reds,-0.19711963427,0.396727646662,0.743997150582,1.0,-0.313882731088,1.0,-1.0
9762,Greys,0.240095516865,0.251048205725,0.318480685216,-0.428571428571,-0.47033120192,1.0,-1.0
9763,Greys,0.218683429282,0.224048069807,0.302349532731,-0.428571428571,-0.282145005763,1.0,-1.0
9764,Yellows,0.00576964718235,0.322165221814,0.67896878383,0.142857142857,-0.527007462171,1.0,-1.0
9765,Yellows,-0.134519528705,0.0884135981983,0.291014392416,-1.0,-0.532004011184,1.0,-1.0
9766,Greys,-0.0931895726571,0.247661246088,0.512674118534,-0.714285714286,-0.0697755300708,1.0,-1.0
9767,Reds,0.148130304346,0.3674782166,0.391157210208,-0.428571428571,0.0271118464311,1.0,-1.0
9768,Yellows,0.00760778890913,0.426788628319,0.666313045895,-1.0,0.0529547516416,1.0,-1.0
9769,Reds,-0.222356203213,0.427687717769,0.677327504309,-1.0,-0.194721488371,1.0,-1.0
9770,Blues,-0.165107593954,0.128804641963,0.160941219782,-0.428571428571,-0.513978485665,1.0,-1.0
9771,Blues,-0.119446302309,0.199199417945,0.293836683714,-0.714285714286,-0.185038735254,1.0,-1.0
9772,Greys,-0.0187049732551,0.262704713045,0.485636124948,-0.428571428571,-0.401483196509,1.0,-1.0
9773,Yellows,-0.050899360103,0.244277601844,0.235479495104,-0.714285714286,-0.404496706177,1.0,-1.0
9774,Reds,0.237272721018,0.308987326537,0.405587700015,0.142857142857,-0.0758978864882,1.0,-1.0
9775,Greens,0.903913183454,0.986764466041,0.760647351161,0.714285714286,-0.116669997302,1.0,1.0
9776,Reds,0.227169531875,0.302004356437,0.420475349274,-0.714285714286,-0.378688564267,1.0,-1.0
9777,Blues,0.170787564371,0.352865185464,0.335709088995,1.0,-0.480504179495,1.0,-1.0
9778,Reds,-0.149587548174,0.350923130995,0.578105800302,0.142857142857,-0.312207087161,1.0,-1.0
9779,Blues,0.169664979936,0.337227781047,0.327335845611,-0.714285714286,0.0813130025029,1.0,-1.0
9780,Pinks,0.732922287418,0.210028181684,0.691489457531,0.428571428571,-0.285285596494,1.0,1.0
9781,Reds,0.225244375597,0.338183107715,0.371769969445,-0.714285714286,-0.537489540733,1.0,-1.0
9782,Whites,-0.427211072746,0.904191489167,0.344576585491,-0.142857142857,0.152469694796,1.0,1.0
9783,Yellows,-0.241485439055,0.130384686751,0.33339970495,-1.0,-0.307889983923,1.0,-1.0
9785,Reds,0.226345028185,0.361278548105,0.474327616261,-1.0,-0.491478996763,1.0,-1.0
9786,Blues,-0.134863372921,0.102416621368,0.195637001889,-1.0,-0.287219124881,1.0,-1.0
9787,Blues,-0.123794371163,0.173345461844,0.168452602324,-1.0,-0.421942542498,1.0,-1.0
9788,Oranges,-0.147770263316,0.133349723952,0.539878064478,1.0,-0.495777661404,1.0,-1.0
9789,Oranges,-0.142454207591,0.115245573157,0.491403955924,-0.428571428571,-0.620205050504,1.0,-1.0
9790,Oranges,-0.0899285014993,0.202645929416,0.573763865456,0.142857142857,-0.156831871464,1.0,-1.0
9791,Whites,0.912862516908,0.979486556731,0.932481062009,0.428571428571,-0.503372890804,1.0,1.0
9792,Pinks,0.358267351153,-0.248047044519,0.448142749965,0.428571428571,-0.565653702619,1.0,1.0
9793,Pinks,0.470248918241,0.00605537738074,0.577713700299,0.428571428571,-0.544193196617,1.0,1.0
9794,Yellows,-0.127347169057,0.116113165503,0.186479431706,1.0,-0.118488336538,1.0,-1.0
9795,Greys,-0.0933534871489,0.177668124873,0.425611805982,-0.428571428571,-0.417579550987,1.0,-1.0
9796,Oranges,0.566746954346,0.701668840232,0.365633247642,0.142857142857,-0.382037779129,1.0,-1.0
9797,Oranges,0.611029231754,0.711042991165,0.38849794036,-0.428571428571,-0.0736530034281,1.0,-1.0
9798,Pinks,0.985765999355,0.848455532763,0.99130245445,0.714285714286,0.0252760931567,1.0,1.0
9799,Yellows,-0.191566929239,0.205616534619,0.292024125499,-0.714285714286,-0.175878902792,1.0,-1.0
9800,Pinks,-0.196222904332,-0.531962427728,0.866833538521,0.714285714286,-0.544084940018,1.0,1.0
9801,Reds,-0.224233492961,0.467748551458,0.733530809155,1.0,-0.431742505371,1.0,-1.0
9802,Yellows,-0.0287933891794,0.261091219047,0.51675935114,1.0,0.0341912093352,1.0,-1.0
9803,Oranges,-0.205057048978,0.162142161334,0.444540521869,0.142857142857,-0.579500977228,1.0,-1.0
9804,Yellows,-0.281000586042,0.249606694239,0.251079771033,-0.714285714286,-0.552649351246,1.0,-1.0
9805,Oranges,0.557949927372,0.725657771537,0.351735368925,-0.714285714286,-0.444622947435,1.0,-1.0
9806,Oranges,0.603016731238,0.755794492847,0.380914083577,-1.0,-0.472344229172,1.0,-1.0
9807,Yellows,-0.200651221373,0.174470874266,0.212598690432,-0.428571428571,-0.593161713541,1.0,-1.0
9808,Yellows,-0.313816006552,0.0305802514663,0.0438707788689,-0.428571428571,-0.346794741998,1.0,-1.0
9809,Blues,-0.201393492346,0.173795942535,0.174666896993,-1.0,-0.418573195419,1.0,-1.0
9810,Greens,0.926041199626,0.776286492871,0.677083288097,-0.142857142857,-0.247176910712,1.0,1.0
9811,Greys,0.273062977448,0.231943788186,0.294682800471,-1.0,-0.622765397178,1.0,-1.0
9812,Yellows,-0.166324517274,0.127279817077,0.208893064661,0.142857142857,-0.552852591066,1.0,-1.0
9813,Blues,0.175207756348,0.283502989663,0.301401333821,-0.714285714286,0.148543373316,1.0,-1.0
9814,Yellows,-0.20882544784,0.135219402732,0.277016460606,-0.428571428571,-0.507918081852,1.0,-1.0
9815,Yellows,-0.225966358094,0.033828917176,0.119234304111,-0.428571428571,-0.400732339701,1.0,-1.0
9816,Blues,0.215345535876,0.259980832259,0.389252922407,1.0,-0.348484391889,1.0,-1.0
9817,Greys,-0.0666095726052,0.261767272024,0.499202148934,-0.714285714286,-0.121009672875,1.0,-1.0
9818,Blues,0.202277526132,0.30636293731,0.350119991502,0.142857142857,0.0748037500567,1.0,-1.0
9819,Oranges,0.671486418715,0.731073863646,0.415578370767,-0.428571428571,-0.189740506703,1.0,-1.0
9820,Yellows,-0.215308496751,0.253441458648,0.207010497715,-1.0,-0.328126147063,1.0,-1.0
9821,Yellows,-0.0841147710065,0.20068629363,0.299576284981,0.142857142857,-0.343347737138,1.0,-1.0
9822,Greens,-0.669324383484,-0.354955619067,-0.820808815637,-0.142857142857,0.121638666171,1.0,1.0
9823,Pinks,0.400048026697,0.305334487495,0.443012065243,0.714285714286,-0.520605262332,1.0,1.0
9824,Yellows,-0.0258860395348,0.0500531550441,0.513984710287,-0.714285714286,-0.522331128713,1.0,-1.0
9825,Reds,0.236302359253,0.344081842936,0.42549812792,0.142857142857,-0.479109028816,1.0,-1.0
9826,Blues,0.156462612643,0.343096761291,0.329745284517,1.0,-0.245177435281,1.0,-1.0
9827,Pinks,0.579164016693,-0.175284736661,-0.0634928657247,0.714285714286,-0.473004895341,1.0,1.0
9828,Yellows,-0.210077490684,0.172983160277,0.164223397454,0.142857142857,-0.075234469101,1.0,-1.0
9829,Blues,-0.0964436753461,0.19129955565,0.234775529796,1.0,-0.0164435978733,1.0,-1.0
9830,Pinks,0.954925953781,-0.810074724973,0.322791841197,0.714285714286,-0.503754934638,1.0,1.0
9831,Pinks,0.956577219213,0.355532135146,0.959453796511,0.714285714286,-0.141928633255,1.0,1.0
9832,Greys,-0.0744077296905,0.194956062334,0.519560130479,-1.0,-0.36861549603,1.0,-1.0
9833,Yellows,0.101093797739,0.0302370650383,0.581484725726,-0.714285714286,-0.555934286485,1.0,-1.0
9834,Reds,0.0381255096222,0.271698910464,0.216355282143,-0.428571428571,-0.312842682447,1.0,-1.0
9835,Whites,0.493009527822,0.582210796344,0.840137637616,-0.142857142857,-0.245589390545,1.0,1.0
9836,Blues,-0.230222838238,0.144771618482,0.173858955547,-1.0,-0.210060748899,1.0,-1.0
9837,Yellows,-0.00286294406029,0.209106084393,0.666207753336,0.142857142857,-0.101456741166,1.0,-1.0
9838,Greens,0.281390458019,0.00974376088332,-0.0562770944034,0.714285714286,-0.536392522378,1.0,1.0
9839,Blues,0.193209038931,0.299280241758,0.407859203526,-0.714285714286,-0.420143486175,1.0,-1.0
9840,Oranges,-0.13855263491,0.165453274096,0.604898921626,-1.0,-0.37681878041,1.0,-1.0
9841,Greys,-0.0836527839482,0.252444775087,0.46393221702,1.0,-0.0853139618003,1.0,-1.0
9842,Blues,-0.159506686534,0.137770515687,0.236985282473,0.142857142857,0.0586609618933,1.0,-1.0
9843,Yellows,0.0102661448392,0.177232070684,0.680509223823,-1.0,-0.290995072932,1.0,-1.0
9844,Oranges,-0.232455581838,0.146663201789,0.500480897873,1.0,0.125948981016,1.0,-1.0
9845,Blues,0.11304933664,0.267386746446,0.24209708423,1.0,-0.345429347413,1.0,-1.0
9846,Yellows,-0.239724445658,0.207881732828,0.21421000458,-0.428571428571,-0.278131758299,1.0,-1.0
9847,Greys,-0.1043390139,0.192489154256,0.47006452374,-0.428571428571,0.0827622414742,1.0,-1.0
9848,Yellows,-0.206025283765,0.247415771599,0.2442437143,1.0,-0.264838200155,1.0,-1.0
9849,Yellows,-0.138629000219,0.163890534783,0.292769302685,1.0,-0.334483475473,1.0,-1.0
9850,Yellows,0.00757917373118,0.194451102154,0.671677779051,0.142857142857,-0.110077974166,1.0,-1.0
9851,Yellows,-0.208908022627,0.218929433173,0.260031044164,1.0,-0.101093541501,1.0,-1.0
9852,Yellows,-0.179117057074,0.241620159963,0.260780949446,-1.0,-0.549113790008,1.0,-1.0
9853,Yellows,-0.21155588737,0.298497722518,0.323721265047,1.0,0.0736958624968,1.0,-1.0
9854,Whites,0.812710717135,0.936601845503,0.832212030444,-0.142857142857,0.0239384585072,1.0,1.0
9855,Greys,0.232441119381,0.213435135661,0.324063056954,1.0,-0.313347598359,1.0,-1.0
9856,Whites,0.0496833472432,0.147021965291,0.425369006561,-0.142857142857,-0.337657196195,1.0,1.0
9857,Reds,-0.268541585083,0.362157408988,0.763619115358,-0.714285714286,-0.111234937665,1.0,-1.0
9858,Purples,-0.402235820066,0.446846634979,0.146340852348,-0.714285714286,0.0323435291347,-1.0,1.0
9859,Greens,0.976112984467,0.847354723314,0.71734526959,0.714285714286,-0.258219737683,1.0,1.0
9860,Pinks,-0.545923760718,-0.742489840645,0.206595346877,0.428571428571,-0.373480664932,1.0,1.0
9861,Whites,0.988537709977,0.993098544123,0.998946104077,-0.142857142857,-0.426079495295,1.0,1.0
9862,Blues,-0.169888900822,0.194635270877,0.286262227044,0.142857142857,-0.369523727276,1.0,-1.0
9863,Greens,0.999359932205,0.98255402452,0.979188507268,0.714285714286,-0.261482836155,1.0,1.0
9864,Reds,-0.27120242319,0.32335619353,0.618189660458,0.142857142857,-0.505408928465,1.0,-1.0
9865,Browns,-0.352004950917,0.110745475968,0.342180426923,-0.428571428571,0.507213324079,-1.0,-1.0
9866,Yellows,-0.218264885692,0.143661482186,0.298632144384,-0.428571428571,-0.517999746541,1.0,-1.0
9867,Greens,0.819446080565,0.833114825845,0.651101245399,-0.142857142857,-0.320990409805,1.0,1.0
9868,Greys,-0.0829692221582,0.230249963419,0.457974146263,-1.0,-0.265587490796,1.0,-1.0
9869,Blues,0.207041849538,0.295486603091,0.333182627259,-1.0,-0.449578391746,1.0,-1.0
9870,Blues,0.19673103099,0.286379498178,0.388862759742,-0.714285714286,0.00701922534725,1.0,-1.0
9871,Reds,0.1157832165,0.269019266516,0.442057734932,1.0,-0.371908766227,1.0,-1.0
9872,Yellows,-0.344796895875,0.0666370853367,0.0504129271521,-0.714285714286,-0.506222248758,1.0,-1.0
9873,Browns,-0.85420761915,-0.746578883602,0.88722656336,-1.0,0.392937864533,-1.0,-1.0
9874,Blues,0.189730560408,0.331018250906,0.27603325631,-0.714285714286,-0.429050038761,1.0,-1.0
9875,Blues,-0.177643607727,0.147585267709,0.214119530704,0.142857142857,-0.606298322239,1.0,-1.0
9876,Reds,0.225633197103,0.337325591158,0.421399978175,-0.714285714286,-0.0767258800116,1.0,-1.0
9877,Greens,0.342998103989,0.5167127742,0.204282205254,0.714285714286,-0.283778188609,1.0,1.0
9878,Yellows,-0.00690372165903,0.100704675608,0.395899348326,0.142857142857,-0.50825926657,1.0,-1.0
9879,Greens,-0.138603968217,0.684603901623,-0.343222058275,0.714285714286,-0.560635713708,1.0,1.0
9880,Whites,0.516002704212,0.695715125209,0.63721763905,-0.142857142857,-0.535876755264,1.0,1.0
9881,Oranges,-0.177414120194,0.0548144602893,0.377231852458,-0.714285714286,-0.12524874081,1.0,-1.0
9882,Blues,-0.189395802068,0.181232036214,0.214934318809,1.0,0.147320142829,1.0,-1.0
9883,Reds,-0.212109215928,0.338542910488,0.56824898513,-0.714285714286,0.0483741169266,1.0,-1.0
9884,Yellows,0.0920502144428,0.216651481785,0.428993258582,1.0,-0.43126068488,1.0,-1.0
9885,Yellows,-0.148877989998,0.132110674508,0.378274729223,1.0,-0.560272123999,1.0,-1.0
9886,Reds,-0.282908516393,0.379223353805,0.659791754269,-0.714285714286,-0.562439817392,1.0,-1.0
9887,Pinks,0.949664442182,0.842399384187,0.988163062034,0.714285714286,-0.578063028463,1.0,1.0
9888,Yellows,0.158991416308,0.20503903238,0.511526867833,0.142857142857,-0.52887175281,1.0,-1.0
9889,Yellows,-0.192512496882,0.239715182312,0.2240322927,1.0,-0.577081536182,1.0,-1.0
9890,Pinks,0.877595701227,0.600286739978,0.685081572643,0.428571428571,-0.504464179674,1.0,1.0
9891,Blues,-0.150886362105,0.141358459458,0.169992091657,-0.428571428571,-0.3221740538,1.0,-1.0
9892,Reds,-0.262712996455,0.337025458238,0.701322442755,-1.0,-0.480276844239,1.0,-1.0
9893,Yellows,-0.250068927239,0.127879784624,0.285132204328,1.0,-0.132191898794,1.0,-1.0
9894,Blues,-0.127939698502,0.154597400905,0.196209091753,0.142857142857,-0.480128095813,1.0,-1.0
9895,Yellows,-0.285382814759,0.160360469773,0.124523205084,-0.428571428571,-0.0466199188328,1.0,-1.0
9896,Yellows,-0.228145827769,0.115186850343,0.175783186216,-0.428571428571,-0.055665315494,1.0,-1.0
9897,Yellows,-0.149736656953,0.113382225807,0.287041820671,-0.428571428571,-0.045644261146,1.0,-1.0
9898,Blues,0.176615433671,0.314261039533,0.297498864266,-0.428571428571,0.223656377019,1.0,-1.0
9899,Greens,0.280146070633,-0.351302023975,-0.593194012077,0.714285714286,-0.483179066173,1.0,1.0
9900,Yellows,-0.154760047012,0.15238881516,0.123360959088,-0.428571428571,0.0693173285184,1.0,-1.0
9901,Yellows,0.010837360739,0.27581463585,0.654208630255,1.0,0.168318767466,1.0,-1.0
9902,Yellows,-0.118760768443,0.25576593041,0.208785052931,1.0,-0.353853326735,1.0,-1.0
9903,Blues,-0.155191164307,0.11162535167,0.177165492608,-1.0,-0.44484417272,1.0,-1.0
9904,Blues,0.202879988582,0.285949870095,0.336944238075,-0.428571428571,-0.583758054942,1.0,-1.0
9905,Blues,-0.170910705758,0.191647598412,0.219740875492,-1.0,-0.0687529995957,1.0,-1.0
9906,Yellows,-0.0198031350176,0.361791475337,0.58417821311,0.142857142857,-0.274460449019,1.0,-1.0
9907,Yellows,-0.0373633034412,0.26010579313,0.553332279267,-0.714285714286,-0.194922013681,1.0,-1.0
9908,Reds,-0.228682242935,0.407622848955,0.678621852746,0.142857142857,-0.25821688011,1.0,-1.0
9909,Yellows,-0.121578184395,0.285278793678,0.348063806644,0.142857142857,-0.240391647362,1.0,-1.0
9910,Reds,0.123076711653,0.306728653716,0.364657478553,1.0,-0.310149924479,1.0,-1.0
9911,Pinks,0.00875856474845,-0.475977525182,-0.0871555662956,0.714285714286,0.00251646623902,1.0,1.0
9912,Reds,0.121558274817,0.28877740285,0.316302966508,0.142857142857,-0.491479902564,1.0,-1.0
9913,Greens,0.847365501534,0.587272234524,0.250387422829,0.714285714286,-0.585365277592,1.0,1.0
9914,Blues,-0.17615632097,0.161339297955,0.181177776991,0.142857142857,-0.496396997869,1.0,-1.0
9915,Whites,-0.364999481969,0.794480283962,-0.323550835061,-0.142857142857,-0.203658430221,1.0,1.0
9916,Reds,0.172790615779,0.31738827791,0.317466395416,-0.428571428571,-0.249735485065,1.0,-1.0
9917,Yellows,-0.177155294051,0.129690156547,0.24272611989,-0.714285714286,-0.285570092037,1.0,-1.0
9918,Greens,0.755739191644,0.845473130326,0.658001220885,0.714285714286,-0.0958797030782,1.0,1.0
9919,Greys,-0.178997136226,0.194394357347,0.466516312009,-0.428571428571,-0.134124232295,1.0,-1.0
9920,Reds,0.187816636245,0.350158017824,0.415233514022,1.0,-0.519577232815,1.0,-1.0
9921,Greens,0.621119247927,0.76615066063,0.561744992439,0.714285714286,-0.577158986934,1.0,1.0
9922,Greys,-0.118137904152,0.213570225289,0.422756380023,0.142857142857,-0.193746791787,1.0,-1.0
9923,Yellows,-0.145518233697,0.148388080072,0.290367300592,-1.0,-0.121697803213,1.0,-1.0
9925,Browns,0.273947689302,-0.63769679134,-0.184022471826,-0.714285714286,0.696127080804,-1.0,-1.0
9926,Greys,-0.0998510958339,0.148429951824,0.441665028637,-1.0,-0.222478113566,1.0,-1.0
9927,Blues,-0.198076113657,0.120757013273,0.167198378734,0.142857142857,0.194690872203,1.0,-1.0
9928,Reds,-0.1449906256,0.477349316857,0.716384741479,0.142857142857,-0.484600228834,1.0,-1.0
9929,Greens,0.975586784273,0.808729074278,0.733523395853,0.714285714286,-0.0200101428282,1.0,1.0
9930,Yellows,-0.268523663887,0.186194369132,0.189889906231,1.0,-0.195997566349,1.0,-1.0
9931,Pinks,0.625247793297,0.397286284913,0.668659997164,0.714285714286,0.0587685724516,1.0,1.0
9932,Yellows,-0.254494346638,0.0544803622907,0.222547403978,-0.714285714286,0.165455296562,1.0,-1.0
9934,Yellows,0.150685137829,0.266867988297,0.576561512198,-1.0,-0.245692287377,1.0,-1.0
9935,Yellows,-0.099490044702,0.0997354652737,0.538744498561,-0.714285714286,0.102711238674,1.0,-1.0
9936,Pinks,0.753016133323,0.455587793454,0.551620766457,0.714285714286,-0.271933225066,1.0,1.0
9937,Blues,-0.14040409463,0.196653293986,0.256811218357,1.0,-0.379411864385,1.0,-1.0
9938,Reds,0.232149464283,0.313475957639,0.399511443437,0.142857142857,-0.155036758848,1.0,-1.0
9939,Pinks,0.365482413922,-0.0256603560371,0.117890452582,0.428571428571,-0.143213510206,1.0,1.0
9940,Blues,-0.19717123662,0.0841069232323,0.0976553399829,-0.428571428571,-0.36393991025,1.0,-1.0
9941,Reds,-0.185236531182,0.364467841236,0.694736838534,1.0,-0.421170226392,1.0,-1.0
9942,Yellows,-0.268925656583,0.152652569507,0.0573120778247,0.142857142857,-0.198473122891,1.0,-1.0
9943,Whites,0.243940951645,0.792341048085,0.633328036073,-0.142857142857,-0.446353017016,1.0,1.0
9944,Reds,0.224693975372,0.311278515445,0.364271254841,1.0,-0.245277196905,1.0,-1.0
9945,Browns,0.101173097539,0.330752437125,-0.35484268916,1.0,0.409628027023,-1.0,-1.0
9946,Yellows,0.0279471235405,0.25173202837,0.496537922509,-0.428571428571,-0.243985239342,1.0,-1.0
9947,Reds,-0.287749111586,0.371746775166,0.612706817913,-0.714285714286,-0.308324619369,1.0,-1.0
9948,Blues,-0.252352236011,0.155520418699,0.19091815599,-0.714285714286,-0.207962859861,1.0,-1.0
9949,Yellows,-0.0184203488058,0.0934740118934,0.506544351254,-1.0,-0.45840626027,1.0,-1.0
9950,Blues,-0.170797901791,0.134852387323,0.155267784205,1.0,0.0490836413032,1.0,-1.0
9951,Greys,0.258099054572,0.20602907889,0.296054067511,-0.714285714286,-0.0457702032671,1.0,-1.0
9952,Blues,-0.131324187633,0.133543207452,0.23180135909,-1.0,-0.121614890863,1.0,-1.0
9953,Greys,0.213355423288,0.164045072792,0.263004213382,-0.714285714286,-0.12880134379,1.0,-1.0
9954,Yellows,-0.234883450932,0.180438295067,0.285643134267,-0.714285714286,-0.572842954127,1.0,-1.0
9955,Greens,0.294966501917,0.802328866706,-0.115870078919,-0.142857142857,-0.14295962807,1.0,1.0
9956,Yellows,-0.0934110435262,0.109688591983,0.265582283327,0.142857142857,-0.599236357018,1.0,-1.0
9957,Whites,-0.575691422153,0.674325381087,0.354343625047,0.428571428571,-0.124439035707,1.0,1.0
9958,Blues,0.153594248952,0.226624572017,0.248780875638,-0.714285714286,-0.373168992221,1.0,-1.0
9959,Greens,0.418636937351,-0.139100202488,-0.342558363047,0.714285714286,-0.46816356342,1.0,1.0
9960,Pinks,0.988802125699,0.979974654408,0.997737107674,0.428571428571,-0.415888056604,1.0,1.0
9961,Blues,0.163443649246,0.263624175626,0.293696663103,-0.428571428571,-0.558752958355,1.0,-1.0
9962,Greys,-0.0106750735439,0.302739519058,0.459633725019,-1.0,-0.456548396204,1.0,-1.0
9963,Oranges,0.573985657981,0.719633763518,0.400729288738,0.142857142857,-0.449504070372,1.0,-1.0
9964,Blues,0.18422466613,0.306852569035,0.344967214435,0.142857142857,-0.0989456386271,1.0,-1.0
9965,Pinks,-0.332313831589,-0.465234905966,-0.251160769123,0.714285714286,-0.442618694543,1.0,1.0
9966,Blues,0.195037590862,0.353946154733,0.336762156874,-0.428571428571,0.146805213686,1.0,-1.0
9967,Reds,0.196852168875,0.323408917098,0.354666578097,-0.428571428571,-0.381349258344,1.0,-1.0
9968,Yellows,-0.145153992761,0.317100645436,0.307550888916,-0.428571428571,-0.452264848489,1.0,-1.0
9969,Yellows,-0.102527395074,0.220122207021,0.600687997298,-0.428571428571,-0.308912811572,1.0,-1.0
9970,Blues,0.190492584678,0.265356825818,0.400448878141,1.0,-0.236596778387,1.0,-1.0
9971,Whites,-0.43926099771,-0.0145499834676,0.44174533471,0.428571428571,-0.0494114248035,1.0,1.0
9972,Yellows,0.0188585101204,0.27043701114,0.587723010465,-0.428571428571,-0.594390220392,1.0,-1.0
9973,Greens,0.869475168104,0.256855244126,0.110047048827,0.714285714286,0.0761256290718,1.0,1.0
9974,Yellows,-0.184338899114,0.107664741629,0.15055560712,-0.428571428571,-0.0120051891336,1.0,-1.0
9975,Yellows,0.0380479585172,0.127337355433,0.669723498902,-1.0,-0.541172008595,1.0,-1.0
9976,Reds,0.185906387159,0.338787844101,0.473121673549,-0.714285714286,0.0109511279469,1.0,-1.0
9977,Yellows,0.0664892598514,0.243275171506,0.812160980275,-0.428571428571,0.0709995851705,1.0,-1.0
9978,Greens,-0.164098325473,0.72084067568,-0.20717456633,-0.142857142857,-0.220372643275,1.0,1.0
9979,Oranges,-0.141713137981,0.304426886654,0.58343982685,-0.428571428571,-0.557187522183,1.0,-1.0
9980,Yellows,-0.126773393278,0.120947418825,0.167070094953,1.0,-0.333287968861,1.0,-1.0
9981,Whites,-0.978033998186,-0.604615435899,-0.343779323202,-0.142857142857,-0.34457967883,1.0,1.0
9982,Pinks,0.426635749916,0.40278516894,0.802332617721,0.714285714286,-0.424617462206,1.0,1.0
9983,Whites,-0.990540637725,-0.190450078477,0.0310164639022,0.428571428571,-0.13710464999,1.0,1.0
9984,Oranges,-0.147843124381,0.0572708457831,0.481407405467,-0.428571428571,-0.0783940517166,1.0,-1.0
9985,Greens,0.0109075265115,0.480904551616,-0.399242470865,-0.142857142857,-0.239742460559,1.0,1.0
9986,Yellows,-0.248168903901,0.149597154309,0.307306981205,-0.428571428571,-0.0982252797991,1.0,-1.0
9987,Greys,-0.135489462356,0.149758323184,0.431369039017,-0.714285714286,-0.236754472133,1.0,-1.0
9988,Yellows,-0.0964916716555,0.293957615334,0.384250681631,-1.0,-0.469661152302,1.0,-1.0
9989,Greys,-0.167261568094,0.145373504693,0.447655050445,0.142857142857,-0.297617613623,1.0,-1.0
9990,Pinks,0.561787125086,-0.200250815027,0.115356985373,0.714285714286,-0.594716191088,1.0,1.0
9991,Yellows,-0.23460226638,0.0549230609619,0.0738888366745,-0.714285714286,0.124685277143,1.0,-1.0
9992,Blues,0.0957746831067,0.234259081256,0.305696735168,0.142857142857,-0.474152173047,1.0,-1.0
9993,Yellows,-0.236521186925,0.114556965991,0.166588798128,0.142857142857,-0.0198891015683,1.0,-1.0
9994,Reds,0.301635782985,0.413911006503,0.426600036182,0.142857142857,-0.316054511111,1.0,-1.0
9995,Blues,-0.174767717787,0.17219891859,0.172490359568,1.0,-0.00739354628797,1.0,-1.0
9996,Blues,0.167482269063,0.274401429802,0.353495439487,-0.428571428571,-0.475087009979,1.0,-1.0
9997,Reds,0.166013993329,0.286812990277,0.367307959464,-0.428571428571,-0.615187348581,1.0,-1.0
9998,Blues,-0.107774326352,0.169658168576,0.213166853724,-0.714285714286,-0.0713440594121,1.0,-1.0
9999,Yellows,-0.297021160227,0.0832843370623,0.280463621249,-1.0,-0.354079528942,1.0,-1.0
